date,press_name,title,content,content_url
20221210,023,"원칙이 이겼다, 화물연대 16일만에 백기","62% 찬성으로 파업 철회, 부산본부는 아예 투표없이 복귀대통령실 “천문학적 피해… 안전운임제도 개선 계기돼야”



누구를 위한 파업이었나 - 9일 오후 경기 의왕시 내륙컨테이너기지 앞에서 민주노총 화물연대 소속의 한 조합원이 화물차에 걸려 있던 총파업 관련 현수막을 떼어 내고 있다. 민주노총 화물연대는 9일 조합원 투표를 거쳐 총파업을 철회하고 업무에 복귀하기로 했다. 지난달 24일 총파업을 시작한 뒤 16일 만이다. 파업은 끝났지만 그사이 철강, 석유화학, 시멘트 등의 물류가 막히면서 산업계 추산 4조1000억원의 피해가 발생했다. /연합뉴스										민주노총 화물연대가 9일 조합원 투표를 거쳐 총파업(집단 운송 거부)을 철회하고 업무에 복귀하기로 결정했다. 지난달 24일 총파업을 시작한 뒤 16일 만에 사실상 백기를 든 것이다.화물연대는 이날 “조합원 투표 결과 찬성 2211표(61.84%), 반대 1343표(37.55%), 무효 21표(0.58%)로 총파업 종료가 가결됐다”고 밝혔다. 투표율은 13.7%에 불과했다. 화물연대는 당초 ‘안전 운임제 3년 확대’라는 정부·여당의 협상안을 거부하고, 안전운임제 품목 확대와 영구화를 요구하며 파업을 밀어붙였다. 이번 파업으로 철강, 석유화학, 시멘트 등의 물류가 막히면서 산업계 추산 4조1000억원의 막대한 피해가 발생했다.정부는 화물연대가 협상안을 거부하고 파업을 강행한 만큼 안전 운임제를 원점에서 다시 논의하겠다는 입장이다. 국토교통부는 이날 “안전운임제 3년 연장은 11월 22일 정부·여당이 집단 운송 거부로 인한 국가적 피해를 막기 위해 제안한 것인데, 화물연대가 이를 거부하고 11월 24일 집단 운송 거부에 돌입해 엄청난 국가적 피해를 초래했기 때문에 재검토가 필요하다”고 밝혔다.대통령실은 “노사 문제에 대해 흔들림 없이 법과 원칙을 지키겠다”는 입장을 다시 한번 확인했다. 윤석열 대통령은 이날 국민통합위원회 고문단과의 오찬 자리에서 “모든 분야에서 법과 원칙을 지키면서도 국민이 편안하게 느낄 수 있도록 노력하겠다”고 말했다. 김은혜 대통령실 홍보수석은 이날 “화물연대의 집단 운송 거부는 우리 경제와 민생에 천문학적 피해를 줬다”며 “우리 모두 화물업계의 제도 개선을 모색하는 계기로 삼아야 할 것”이라고 말했다화물연대는 파업을 하지 않았다면 얻을 수 있었던 ‘안전운임제 3년 연장’조차 장담할 수 없는 상황에 처하게 됐다. 안전운임제는 국회에서 법 개정이 이뤄지지 않으면 올해 말로 자동 일몰된다.민노총이 이번처럼 정부에 완패한 것은 전례를 찾기 어렵다. 이에 따라 민노총 내부 혼란과 지도부의 리더십 타격도 불가피하게 됐다. 화물연대 지도부는 전날 밤 긴급회의를 열고 ‘파업 철회 여부는 조합원 투표로 결정한다’는 방침을 세웠는데, 조합원들 사이에서 ‘책임을 아래에 떠넘긴다’는 반발이 터져 나왔고, 부산본부처럼 아예 투표도 하지 않고 업무에 복귀하는, 사실상 항명까지 나타났다. 민노총 내부에서는 “파업에 참여해 투쟁한 사람들만 바보 됐다” “지도부 사퇴하라”는 말까지 나왔다.8일까지도 강경 투쟁 방침을 천명하던 민노총은 오는 14일 2차 총파업·총력투쟁 대회를 열 계획이었으나 9일 오후 이를 전격 철회했다. 노동계에서는 “왜곡됐던 노사 관계가 정상화되는 중요한 전환점을 지나고 있다”는 평가도 나오고 있다.




곽래건 기자 rae@chosun.com




기자 프로필




















곽래건 기자





TALK

유익하고 소중한 제보를 기다려요!
제보

닫기




구독


구독중





구독자 0




응원수
0







고용과 노동 이슈를 주로 취재합니다. 제보 환영합니다. 이메일 rae@chosun.com 카카오톡·텔레그램 ID lihiya




동네 빌라 짓는데도 행패… “민노총, 前정부 거치며 폭주 심해졌다”


민노총, 의원들 압박작전... 조합원에 “법안처리 문자 보내라” 지침







조선일보의 구독 많은 기자


조선일보 기사를 더 보고 싶다면?
								구독

조선일보 언론사 구독되었습니다. 메인 뉴스판에서 조선일보 주요뉴스를  볼 수 있습니다.
보러가기


조선일보 언론사 구독 해지되었습니다.


닫기








Copyright ⓒ 조선일보. All rights reserved. 무단 전재 및 재배포 금지.

 
이 기사는 언론사에서 사회 섹션으로 분류했습니다.

기사 섹션 분류 안내
기사의 섹션 정보는 해당 언론사의 분류를 따르고 있습니다. 언론사는 개별 기사를 2개 이상 섹션으로 중복 분류할 수 있습니다.
닫기











구독
메인에서 바로 보는 언론사 편집 뉴스 지금 바로 구독해보세요!


구독중
메인에서 바로 보는 언론사 편집 뉴스 지금 바로 확인해보세요! 보러가기









압도적 1위 칼럼 ‘만물상’ 조선일보 앱에서 보기


뉴스도 본점이 맛있다! 조선닷컴에서 주요 기사 놓치지 않기


 





			주요뉴스해당 언론사에서 선정하며 언론사 페이지(아웃링크)로 이동해 볼 수 있습니다.


예상못한 美 '블프' 호황… 세계경제 毒되나
無수저 창업자, 천원짜리 팔아 3조 매출 일궜지만…
러시아 '죽음의 무기상', 美서 풀려난 다음 날 한 말은…
또 엇갈린 김보름‧노선영... ""가슴 아프다"" 판사의 부탁
황희찬·조규성도 아닌... 尹 테이블에 백업 선수들 앉은 이유








이 기사를 추천합니다


기사 추천은 24시간 내 50회까지 참여할 수 있습니다.
닫기






쏠쏠정보
0




흥미진진
0




공감백배
0




분석탁월
0




후속강추
0


 




 












모두에게 보여주고 싶은 기사라면?beta

이 기사를 추천합니다 버튼을 눌러주세요.  집계 기간 동안 추천을 많이 받은 기사는 네이버 자동 기사배열 영역에 추천 요소로 활용됩니다.

레이어 닫기


 


조선일보 언론사홈 바로가기


 

언론사 구독 후 기사보기



구독 없이 계속 보기",https://n.news.naver.com/mnews/article/023/0003733823
20221210,023,"MB, 28일 0시 사면 유력… 김경수는 ‘복권없이 사면’ 검토","28일 형 집행정지 종료일 맞춰 최경환·이병기·전병헌도 검토							대통령실과 법무부가 일부 정치인과 경제인에 대한 사면·복권을 검토하고 있다. 이명박 전 대통령과 최경환 전 경제부총리는 사면·복권이 유력 검토되고 있고 이병기씨 등 전직 국정원장들도 사면 검토 대상에 포함됐다. 김경수 전 경남지사는 사면은 해주되 복권은 하지 않을 가능성이 거론된다. 법무부는 오는 20일이나 21일 사면심사위원회를 열 것으로 알려졌다.



이명박 전 대통령, 김경수 전 경남지사/조선일보DB										여권 관계자는 9일 “윤석열 대통령이 국민 통합과 경제 활성화 차원에서 연말 또는 연초에 특별사면을 실시할 것”이라며 “이명박 전 대통령은 고령(81세)인 데다 건강이 좋지 않아 이번에 사면될 가능성이 크다”고 전했다. 이 전 대통령은 징역 17년형이 확정돼 복역하다가 지난 6월 형 집행정지(3개월)로 석방됐고, 지난 9월 형 집행정지가 1차례(3개월) 연장됐다. 이 전 대통령은 오는 28일 0시 형 집행정지가 종료돼 그날 사면될 가능성이 거론된다.정치인의 경우 여권에선 최경환 전 경제부총리 사면이 유력 검토되고 있다. 여권 관계자는 “국정원 특활비 수수 혐의로 징역 5년이 확정됐던 최 전 부총리는 형기의 80% 이상을 채우고 석방된 터라 피선거권 등을 회복하는 복권까지 이뤄질 가능성이 크다”고 했다. 국정원 특활비 공여 혐의 등으로 복역하다 지난 5월 가석방된 이병기·남재준 전 국정원장도 고령 등을 이유로 사면 가능성이 큰 것으로 알려졌다.야권에선 전병헌 전 청와대 정무수석이 사면 대상에 포함될 공산이 크다. ‘드루킹 댓글 조작’ 사건으로 징역 2년형이 확정돼 복역 중인 김경수 전 경남지사는 잔여 형 집행 면제 등 사면만 될 가능성이 큰 것으로 알려졌다. 김 전 지사는 내년 5월 형기가 만료되지만 사면되면 곧바로 석방된다. 여권 관계자는 다만 “김 전 지사의 경우 복권에 대해서는 논란이 있다”고 전했다. 김 전 지사는 사면되더라도 복권이 이뤄지지 않으면 2028년 5월까지는 공직 선거에 출마할 수 없다.대통령실 관계자는 “연말·연초 사면 가능성을 모두 열어 놓고 준비 중”이라며 “구체적인 사면 대상은 대통령의 최종 결심에 달렸다”고 했다. 다른 대통령실 관계자는 “선거법 위반 사범의 경우 여야 정치인 모두 동일한 사면 기준이 적용될 것”이라고 했다.




최경운 기자 codel@chosun.com




Copyright ⓒ 조선일보. All rights reserved. 무단 전재 및 재배포 금지.

 
이 기사는 언론사에서 정치 섹션으로 분류했습니다.

기사 섹션 분류 안내
기사의 섹션 정보는 해당 언론사의 분류를 따르고 있습니다. 언론사는 개별 기사를 2개 이상 섹션으로 중복 분류할 수 있습니다.
닫기











구독
메인에서 바로 보는 언론사 편집 뉴스 지금 바로 구독해보세요!


구독중
메인에서 바로 보는 언론사 편집 뉴스 지금 바로 확인해보세요! 보러가기









압도적 1위 칼럼 ‘만물상’ 조선일보 앱에서 보기


뉴스도 본점이 맛있다! 조선닷컴에서 주요 기사 놓치지 않기


 





			주요뉴스해당 언론사에서 선정하며 언론사 페이지(아웃링크)로 이동해 볼 수 있습니다.


삼성전자 비상경영… ""프린터용지도 아껴라""
""몸 부서지도록 뛰었다"" 손흥민의 소회… 네이마르 ""레전드""
""아주 좋아지고 있다""… '혈액암 투병' 안성기, 직접 전한 근황
러시아 '죽음의 무기상', 美서 풀려난 다음 날 한 말은…
165명 복권 '공구'했다가… 1969억원 초대박, 세금도 안 뗀다








이 기사를 추천합니다


기사 추천은 24시간 내 50회까지 참여할 수 있습니다.
닫기






쏠쏠정보
0




흥미진진
0




공감백배
0




분석탁월
0




후속강추
0


 




 












모두에게 보여주고 싶은 기사라면?beta

이 기사를 추천합니다 버튼을 눌러주세요.  집계 기간 동안 추천을 많이 받은 기사는 네이버 자동 기사배열 영역에 추천 요소로 활용됩니다.

레이어 닫기


 


조선일보 언론사홈 바로가기


 

언론사 구독 후 기사보기



구독 없이 계속 보기",https://n.news.naver.com/mnews/article/023/0003733751
20221210,023,실처럼 살짝 붙은 뼈… 英전문가 “손흥민의 월드컵은 도박이었다”,"손흥민이 2022 카타르 월드컵 조별리그 H조 3차전인 포르투갈과의 경기에서 마스크를 고쳐쓰고 있다. /뉴시스 “손흥민의 월드컵 출전은 도박이었다.”손흥민(30·토트넘)이 한국의 16강 진출 꿈을 이끌며 무사히 월드컵 여정을 마쳤지만, 한편에서는 그의 몸 상태에 대한 우려가 잇따르고 있다. 충분한 회복 없이 마스크 투혼을 펼친 탓에 부상 정도가 예상보다 심각할 것이라는 전문가 의견도 나왔다.9일(현지시각) 영국 풋볼인사이더는 프리미어리그(EPL) 부상 사이트를 운영하며 선수들의 부상 데이터를 분석하는 의학전문가 벤 디너리의 말을 인용해 “손흥민은 무엇보다도 휴식과 회복이 필요하다”고 전했다.디너리는 “손흥민의 안와골절 부상 이후 그가 카타르에 갈 수 있을 것인지에 대한 많은 관심이 있었고, 손흥민은 대표팀에서 뛰어야 한다는 압박감을 느꼈을 것”이라며 “손흥민의 월드컵 출전은 도박이었지만 비교적 무사히 해낸 것처럼 보인다”고 했다.다만 “또 다른 부상 위험이 있기 때문에 그의 복귀와 관련해서는 논의가 필요하다”며 “마스크를 벗는 것은 시기상조”라고 주장했다. 그러면서 “그동안 많은 일이 있었기 때문에 지금은 휴식을 취할 기회를 즐길 것”이라고 덧붙였다.앞서 한국 대표팀 주치의였던 왕준호 삼성서울병원 정형외과 교수도 손흥민의 몸 상태를 언급한 바 있다. 왕 교수는 지난 8일 YTN ‘뉴스라이더’에서 “보통 수술 후 2~4주는 마약성 진통제나 강한 약을 사용하는데, 손흥민은 도핑과 약물검사 때문에 수술 당일 마취 중 1회만 사용했다”며 “그다음에는 진통제 중 가장 약한 타이레놀 계통의 약만 먹고 참았다”고 전했다.



손흥민이 브라질과의 16강전을 마치고 마스크를 손에 들고 있다. /로이터 뉴스1										손흥민이 수술 후 완전히 회복하지 못한 채 월드컵에 출전한 것을 두고는 “선수의 의지가 너무 강하고 국민들을 생각하는 마음이 너무 강해 말리기가 어려웠다”며 “수술은 다행히 잘 됐다. 이중시(사물이 2개로 보이는 현상) 같은 후유증 없이 회복된 것 같다 다행”이라고 했다. 그러면서도 “시간 날 때 안과에 가서 다시 한번 점검했으면 한다”고 당부했다.손흥민은 지난달 3일 소속팀 경기 중 상대 선수 어깨에 얼굴을 부딪쳐 안와골절 부상을 당했다. 월드컵을 3주 남겨둔 시점으로 대표팀 전력 손실이 불가피한 상황이었지만, 그는 수술 일정을 앞당기고 회복에 전념하는 등 출전 의지를 드러냈다.마스크를 쓰고 뛴 대회에서 손흥민은 4경기를 모두 풀타임으로 뛰었고, 포르투갈전에서는 황희찬의 역전골을 어시스트하며 16강 진출을 이끌었다. 당시 마스크를 손에 들고 뛰거나 헤딩을 시도하기도 했는데, 그는 경기 후 인터뷰에서 “사실 벗으면 안 된다. 수술한 지 한 달 정도 됐는데 뼈가 붙는데 최소 세 달이 걸린다”며 “지금 뼈가 실처럼 붙었다고 해도 모자란 상황”이라고 했다.그러면서 “어쩔 수 없이 해야하는 위치고 내가 좋아서, 임무를 알고 하는 것이기 때문에 순간 마스크를 벗었다”며 “좋아진 게 아니라 여전히 리스크를 감수하고 하는 거다. 조금의 가능성이라도 있다면 어떻게 해서든 해야하는 게 임무”라고 말했다.카타르에서 지난 7일 귀국한 손흥민은 짧은 휴식을 취한 뒤 토트넘으로 복귀할 예정이다. 현재 유럽 리그 대부분은 월드컵으로 인해 휴식기를 보내고 있다. 토트넘의 다음 경기는 오는 26일 브렌트포드와의 리그 17라운드다. 현지에서는 손흥민이 이 경기에 출전할 가능성을 낮게 보고 있다.




문지연 기자 jymoon@chosun.com




기자 프로필




















문지연 기자






구독


구독중





구독자 0




응원수
0







열심히 듣겠습니다.




20년 전 한국에 지고도 홀로 축하해준 그 선수, 벤투였다


8강 경기장서 돌연사 한 美기자… 쓰러지기 전 남긴 글엔







조선일보의 구독 많은 기자


조선일보 기사를 더 보고 싶다면?
								구독

조선일보 언론사 구독되었습니다. 메인 뉴스판에서 조선일보 주요뉴스를  볼 수 있습니다.
보러가기


조선일보 언론사 구독 해지되었습니다.


닫기








Copyright ⓒ 조선일보. All rights reserved. 무단 전재 및 재배포 금지.

 
이 기사는 언론사에서 세계 섹션으로 분류했습니다.

기사 섹션 분류 안내
기사의 섹션 정보는 해당 언론사의 분류를 따르고 있습니다. 언론사는 개별 기사를 2개 이상 섹션으로 중복 분류할 수 있습니다.
닫기











구독
메인에서 바로 보는 언론사 편집 뉴스 지금 바로 구독해보세요!


구독중
메인에서 바로 보는 언론사 편집 뉴스 지금 바로 확인해보세요! 보러가기









압도적 1위 칼럼 ‘만물상’ 조선일보 앱에서 보기


뉴스도 본점이 맛있다! 조선닷컴에서 주요 기사 놓치지 않기


 





			주요뉴스해당 언론사에서 선정하며 언론사 페이지(아웃링크)로 이동해 볼 수 있습니다.


예상못한 美 '블프' 호황… 세계경제 毒되나
""44살인데…"" CNN, 한국 '만 나이' 보도하며 언급한 인물
""뭘 봐 멍청아""… 승리하고도 분노한 메시, 왜?
오열 중 크로아티아 소년 안아줬다, 네이마르의 품격
회식 때 ""얘 이혼했어"" 사생활 폭로한 상사의 최후








이 기사를 추천합니다


기사 추천은 24시간 내 50회까지 참여할 수 있습니다.
닫기






쏠쏠정보
0




흥미진진
0




공감백배
0




분석탁월
0




후속강추
0


 




 












모두에게 보여주고 싶은 기사라면?beta

이 기사를 추천합니다 버튼을 눌러주세요.  집계 기간 동안 추천을 많이 받은 기사는 네이버 자동 기사배열 영역에 추천 요소로 활용됩니다.

레이어 닫기


 


조선일보 언론사홈 바로가기


 

언론사 구독 후 기사보기



구독 없이 계속 보기",https://n.news.naver.com/mnews/article/023/0003733895
20221210,023,“콘서트 끝나고 성폭행” 폭로 나온 美유명가수… “거짓말” 반박,"미국 보이그룹 백스트리트보이즈의 멤버 닉 카터./ 로이터 뉴스1 										미국 유명 보이그룹 백스트리트보이즈 멤버 닉 카터(42)가 20여년 전 장애인 여성 팬을 성폭행했다는 의혹을 전면 부인했다.9일(현지시각) CNN에 따르면 닉 카터 측은 이날 성명을 내고 최근 불거진 과거 성폭행 의혹을 반박했다. 카터 측 대리인은 “21년 전 성폭행 당했다는 여성의 주장은 전혀 사실이 아니며 법적으로도 가치가 없다”고 했다. 이어 “해당 여성은 몇 년 동안 반복적으로 카터에 대해 거짓말을 해왔다”며 여성의 변호인이 이런 행동을 부추기고 있다고 주장했다.앞서 자폐와 뇌성마비를 앓는 여성 섀넌 루스(39)는 전날 기자회견을 열고 “21년 전 카터에게 성폭행을 당했다”며 카터를 상대로 손해배상 소송을 제기했다고 밝혔다. 고소장에서 루스는 2001년 워싱턴주 타코마에서 열린 백스트리트보이즈 콘서트가 끝난 후 이같은 일을 당했다고 했다. 카터가 사인을 받기 위해 기다리던 자신을 투어 버스로 데려가 성폭행 했다는 것이다.루스는 카터가 ‘VIP 주스’라며 크랜베리 주스와 술이 섞인 음료를 자신에게 건넸으며 구강 성교를 요구했다고 주장했다. 카터가 성폭행 후 자신을 향해 ‘덜떨어진 X’이라는 욕설을 했다고도 했다. 또 루스는 이 일로 인유두종바이러스(HPV)에 감염됐다고 말했다.피해를 뒤늦게 털어놓게 된 이유에 대해서는 “카터의 협박 때문에 고발하지 못했다”고 했다. 당시 카터가 “네 인생을 망칠 힘이 있다. 모든 사람들이 등을 돌리게 하겠다”며 겁을 줬다는 것이다. 루스는 “그때는 이 일을 말하면 정말 감옥에 갈 줄 알았다”고 말했다.루스는 “내게 지난 21년은 고통, 혼란, 좌절, 수치심, 자해로 가득했다”며 “이는 카터가 나를 성폭행했기 때문에 발생한 결과물”이라고 했다. 이어 “비록 나는 자폐증과 뇌성마비를 앓고 있지만, 내 삶에 더 큰 영향을 미친 건 카터가 내게 한 짓”이라고 말했다.카터가 루스의 주장을 부인하고 나섰으나 여파는 이어지고 있다. ABC 방송은 백스트리트보이즈 멤버들이 출연한 크리스마스 특집 프로그램을 오는 14일 방송할 예정이었으나 논란 이후 취소했다.한편 카터는 2017년에도 비슷한 의혹에 휩싸인 바 있다. 걸그룹 드림의 멤버 멜리사 슈만이 18살이던 15년 전 성인이었던 카터에게 성폭행 당했다고 주장한 것이다. 그러나 해당 사건의 공소시효가 이미 지나 카터가 정식 기소되지는 않았다고 CNN은 전했다.




최혜승 기자  hsc@chosun.com




기자 프로필



















최혜승 기자






구독


구독중





구독자 0




응원수
0







안녕하세요, 최혜승 기자입니다. 많은 제보 부탁드립니다. ▶&#65039;https://chosun.app.link/hsc




흐뭇한 듯 미소까지… ‘노출 여성’ 찍다 딱 걸린 카타르 남성들


또 엇갈린 김보름‧노선영... 판사가 “가슴 아프다”며 한 부탁







조선일보의 구독 많은 기자


조선일보 기사를 더 보고 싶다면?
								구독

조선일보 언론사 구독되었습니다. 메인 뉴스판에서 조선일보 주요뉴스를  볼 수 있습니다.
보러가기


조선일보 언론사 구독 해지되었습니다.


닫기








Copyright ⓒ 조선일보. All rights reserved. 무단 전재 및 재배포 금지.

 
이 기사는 언론사에서 세계 섹션으로 분류했습니다.

기사 섹션 분류 안내
기사의 섹션 정보는 해당 언론사의 분류를 따르고 있습니다. 언론사는 개별 기사를 2개 이상 섹션으로 중복 분류할 수 있습니다.
닫기











구독
메인에서 바로 보는 언론사 편집 뉴스 지금 바로 구독해보세요!


구독중
메인에서 바로 보는 언론사 편집 뉴스 지금 바로 확인해보세요! 보러가기









압도적 1위 칼럼 ‘만물상’ 조선일보 앱에서 보기


뉴스도 본점이 맛있다! 조선닷컴에서 주요 기사 놓치지 않기


 





			주요뉴스해당 언론사에서 선정하며 언론사 페이지(아웃링크)로 이동해 볼 수 있습니다.


예상못한 美 '블프' 호황… 세계경제 毒되나
""44살인데…"" CNN, 한국 '만 나이' 보도하며 언급한 인물
""뭘 봐 멍청아""… 승리하고도 분노한 메시, 왜?
오열 중 크로아티아 소년 안아줬다, 네이마르의 품격
회식 때 ""얘 이혼했어"" 사생활 폭로한 상사의 최후








이 기사를 추천합니다


기사 추천은 24시간 내 50회까지 참여할 수 있습니다.
닫기






쏠쏠정보
0




흥미진진
0




공감백배
0




분석탁월
0




후속강추
0


 




 












모두에게 보여주고 싶은 기사라면?beta

이 기사를 추천합니다 버튼을 눌러주세요.  집계 기간 동안 추천을 많이 받은 기사는 네이버 자동 기사배열 영역에 추천 요소로 활용됩니다.

레이어 닫기


 


조선일보 언론사홈 바로가기


 

언론사 구독 후 기사보기



구독 없이 계속 보기",https://n.news.naver.com/mnews/article/023/0003733894
20221210,023,“원래 44살인데…” CNN이 韓 ‘만 나이’ 보도에 예로든 인물,"가수 싸이의 '강남스타일' 뮤직비디오 속 한 장면. /유튜브										‘만 나이’ 사용을 규정한 민법·행정기본법 개정안이 최근 국회를 통과한 가운데, CNN이 이를 조명하며 “한국인들이 어려지게 됐다”고 보도했다. 특히 한국식 나이를 설명하면서는 ‘강남스타일’로 유명한 가수 싸이를 예로 들기도 했다.앞서 국회 법제사법위원회는 지난 6일 법안심사1소위원회를 열고 만 나이 사용을 명시한 민법 일부 개정 법률안과 행정기본법 일부 개정 법률안을 의결했다. 개정안은 공포 6개월 뒤 시행되며 이로써 사법 및 행정 분야에서 국제통용 기준인 만 나이 사용이 통일된다.CNN은 9일(현지시각) ‘한국인은 새로운 법을 통해 1~2년 젊어질 것’이라는 제목의 기사를 통해 이 소식을 전했다. 이어 “현재 한국인들은 하나의 나이가 아니라 ‘국제 나이’(international age) ‘한국 나이’(Korean age), ‘달력 나이’(calendar age) 등 세 가지 나이를 갖고 있다”고 했다. 만 나이 외에도 한국식 나이인 ‘세는 나이’와 현재 연도에서 출생 연도를 뺀 ‘연 나이’를 언급한 것이다.그러면서 이를 더 자세히 설명하기 위해 싸이의 나이를 예로 들었다. CNN은 “‘강남스타일’을 부른 가수 싸이를 보자. 그는 1977년 12월 31일생으로 만 나이로는 44세다. 하지만 연 나이로는 45세가 되고 세는 나이로는 46세가 된다”고 했다.이어 “한국에서 법률·공적 사안에서는 만 나이가 자주 쓰이지만 음주·흡연·징집 등과 관련한 일부 법은 연 나이를 쓴다”며 “이로 인한 혼선을 해소하기 위해 한국 국회가 관련 개정안을 통과시킨 것”이라고 했다. 또 “한국의 세 가지 나이 체계는 연령에 따른 위계질서를 조장하고 특정 월 출산을 피하는 현상을 일으킨다는 비판도 받아왔다”고 덧붙였다.




문지연 기자 jymoon@chosun.com




기자 프로필




















문지연 기자






구독


구독중





구독자 0




응원수
0







열심히 듣겠습니다.




20년 전 한국에 지고도 홀로 축하해준 그 선수, 벤투였다


8강 경기장서 돌연사 한 美기자… 쓰러지기 전 남긴 글엔







조선일보의 구독 많은 기자


조선일보 기사를 더 보고 싶다면?
								구독

조선일보 언론사 구독되었습니다. 메인 뉴스판에서 조선일보 주요뉴스를  볼 수 있습니다.
보러가기


조선일보 언론사 구독 해지되었습니다.


닫기








Copyright ⓒ 조선일보. All rights reserved. 무단 전재 및 재배포 금지.

 
이 기사는 언론사에서 세계 섹션으로 분류했습니다.

기사 섹션 분류 안내
기사의 섹션 정보는 해당 언론사의 분류를 따르고 있습니다. 언론사는 개별 기사를 2개 이상 섹션으로 중복 분류할 수 있습니다.
닫기











구독
메인에서 바로 보는 언론사 편집 뉴스 지금 바로 구독해보세요!


구독중
메인에서 바로 보는 언론사 편집 뉴스 지금 바로 확인해보세요! 보러가기









압도적 1위 칼럼 ‘만물상’ 조선일보 앱에서 보기


뉴스도 본점이 맛있다! 조선닷컴에서 주요 기사 놓치지 않기


 





			주요뉴스해당 언론사에서 선정하며 언론사 페이지(아웃링크)로 이동해 볼 수 있습니다.


예상못한 美 '블프' 호황… 세계경제 毒되나
""44살인데…"" CNN, 한국 '만 나이' 보도하며 언급한 인물
""뭘 봐 멍청아""… 승리하고도 분노한 메시, 왜?
오열 중 크로아티아 소년 안아줬다, 네이마르의 품격
회식 때 ""얘 이혼했어"" 사생활 폭로한 상사의 최후








이 기사를 추천합니다


기사 추천은 24시간 내 50회까지 참여할 수 있습니다.
닫기






쏠쏠정보
0




흥미진진
0




공감백배
0




분석탁월
0




후속강추
0


 




 












모두에게 보여주고 싶은 기사라면?beta

이 기사를 추천합니다 버튼을 눌러주세요.  집계 기간 동안 추천을 많이 받은 기사는 네이버 자동 기사배열 영역에 추천 요소로 활용됩니다.

레이어 닫기


 


조선일보 언론사홈 바로가기


 

언론사 구독 후 기사보기



구독 없이 계속 보기",https://n.news.naver.com/mnews/article/023/0003733893
20221210,023,화물연대 파업 철회 하루만에… 민노총 “안전운임제 사수” 집회,"민주노총 공공운수노조가 10일 오후 서울 영등포구 여의도에서 결의대회를 갖고 안전운임제 일몰제 3년 연장안에 대한 국회의 조속한 처리를 촉구하고 있다. /뉴스1										민주노총이 화물연대의 총파업을 철회한 지 하루 만에 집회를 열고 안전운임제 연장을 요구하고 나섰다. 이 밖에도 주말을 맞아 자유통일당과 촛불행동의 대규모 집회 등 도심 곳곳에서 집회가 이어졌다.민주노총 공공운수노조는 10일 오후 2시 서울 여의도 산업은행 앞에서 ‘안전운임제 사수, 노조 파괴 윤석열 정부 규탄, 국민안전 외면 국회 규탄’ 결의대회를 열었다. 올해로 종료되는 안전운임제 연장을 요구하며 벌였던 화물연대 총파업을 지난 9일 철회한 지 하루 만에 집회에 나선 것이다. 이날 주최 측 추산 1000여명이 집회에 참여한 가운데, 이들은 총파업 철회가 일몰 위기에 놓인 안전운임제를 지키기 위한 결단이었다고 주장하며 안전운임제 연장을 촉구했다. 집회 이후에는 민주당과 국민의힘 당사까지 행진도 벌였다.



10일 오후 서울 중구 숭례문 인근에서 촛불행동 주최로 열린 윤석열 정부 규탄 촛불집회에서 참가자들이 손팻말을 들고 있다./연합뉴스										같은 시각 종로구 동화면세점 앞에서는 전광훈 목사가 대표로 있는 자유통일당이 ‘주사파 척결 집회’를 벌였다. 경찰 추산 4000여명이 집회에 참석했다. 이날 오후 4시부터는 촛불행동이 숭례문 인근에서 윤석열 대통령의 퇴진 등을 요구하는 집회를 벌였다. 경찰 추산 1600여명이 집회에 참여한 가운데, 이들은 을지로에서 종각, 서울시의회를 거쳐 도심을 한 바퀴 도는 행진을 진행했다. 이 집회들로 인해 세종대로 숭례문 방면 6개 차로 중 5개 차로가 통제됐다.이 밖에도 이날 오후 4시 30분쯤 종각 일대에서 고(故) 김용균씨 4주기 추모제가 진행되는 등, 주말 도심 곳곳에서 집회가 끊이질 않았다.




강우량 기자 sabo@chosun.com




Copyright ⓒ 조선일보. All rights reserved. 무단 전재 및 재배포 금지.

 
이 기사는 언론사에서 사회 섹션으로 분류했습니다.

기사 섹션 분류 안내
기사의 섹션 정보는 해당 언론사의 분류를 따르고 있습니다. 언론사는 개별 기사를 2개 이상 섹션으로 중복 분류할 수 있습니다.
닫기











구독
메인에서 바로 보는 언론사 편집 뉴스 지금 바로 구독해보세요!


구독중
메인에서 바로 보는 언론사 편집 뉴스 지금 바로 확인해보세요! 보러가기









압도적 1위 칼럼 ‘만물상’ 조선일보 앱에서 보기


뉴스도 본점이 맛있다! 조선닷컴에서 주요 기사 놓치지 않기


 





			주요뉴스해당 언론사에서 선정하며 언론사 페이지(아웃링크)로 이동해 볼 수 있습니다.


예상못한 美 '블프' 호황… 세계경제 毒되나
""44살인데…"" CNN, 한국 '만 나이' 보도하며 언급한 인물
""뭘 봐 멍청아""… 승리하고도 분노한 메시, 왜?
오열 중 크로아티아 소년 안아줬다, 네이마르의 품격
회식 때 ""얘 이혼했어"" 사생활 폭로한 상사의 최후








이 기사를 추천합니다


기사 추천은 24시간 내 50회까지 참여할 수 있습니다.
닫기






쏠쏠정보
0




흥미진진
0




공감백배
0




분석탁월
0




후속강추
0


 




 












모두에게 보여주고 싶은 기사라면?beta

이 기사를 추천합니다 버튼을 눌러주세요.  집계 기간 동안 추천을 많이 받은 기사는 네이버 자동 기사배열 영역에 추천 요소로 활용됩니다.

레이어 닫기


 


조선일보 언론사홈 바로가기


 

언론사 구독 후 기사보기



구독 없이 계속 보기",https://n.news.naver.com/mnews/article/023/0003733891
20221210,023,"조화순 연세대 교수, 한국정치학회 제53대 회장 선출","조화순 연세대 정치외교학과 교수 /한국정치학회										조화순 연세대 정치외교학과 교수가 10일 제53대 한국정치학회장으로 선출됐다. 임기는 1년으로, 2024년 1월부터 시작된다.조 교수는 “미래를 위한 담론과 제도 변화에 기여하도록 새롭게 도약하는 학회를 만들겠다”며 “정치학이 시민들에게 더 잘 전달될 수 있도록 유튜브 등 정치교육의 새로운 방향성을 모색하고, 양극화와 현실의 개선에 도움이 되도록 정책 연구 기능을 강화하겠다”고 전했다.조 교수는 연세대 정치외교학과를 졸업하고 미국 노스웨스턴대에서 정치학 박사학위를 취득했다. 하버드대 방문교수, 국가관리연구원 원장, Social Science Korea 및 Brain Korea 21 사업단장 등을 지냈다. 현재 연세대학교 디지털사회과학센터의 센터장을 맡고 있다. 한국과학기술한림원의 정치학 분야 최초 정회원이기도 하다.




최혜승 기자  hsc@chosun.com




기자 프로필



















최혜승 기자






구독


구독중





구독자 0




응원수
0







안녕하세요, 최혜승 기자입니다. 많은 제보 부탁드립니다. ▶&#65039;https://chosun.app.link/hsc




흐뭇한 듯 미소까지… ‘노출 여성’ 찍다 딱 걸린 카타르 남성들


또 엇갈린 김보름‧노선영... 판사가 “가슴 아프다”며 한 부탁







조선일보의 구독 많은 기자


조선일보 기사를 더 보고 싶다면?
								구독

조선일보 언론사 구독되었습니다. 메인 뉴스판에서 조선일보 주요뉴스를  볼 수 있습니다.
보러가기


조선일보 언론사 구독 해지되었습니다.


닫기








Copyright ⓒ 조선일보. All rights reserved. 무단 전재 및 재배포 금지.

 
이 기사는 언론사에서 사회 섹션으로 분류했습니다.

기사 섹션 분류 안내
기사의 섹션 정보는 해당 언론사의 분류를 따르고 있습니다. 언론사는 개별 기사를 2개 이상 섹션으로 중복 분류할 수 있습니다.
닫기











구독
메인에서 바로 보는 언론사 편집 뉴스 지금 바로 구독해보세요!


구독중
메인에서 바로 보는 언론사 편집 뉴스 지금 바로 확인해보세요! 보러가기









압도적 1위 칼럼 ‘만물상’ 조선일보 앱에서 보기


뉴스도 본점이 맛있다! 조선닷컴에서 주요 기사 놓치지 않기


 





			주요뉴스해당 언론사에서 선정하며 언론사 페이지(아웃링크)로 이동해 볼 수 있습니다.


예상못한 美 '블프' 호황… 세계경제 毒되나
오열 중 크로아티아 소년 안아줬다, 네이마르의 품격
회식 때 ""얘 이혼했어"" 사생활 폭로한 상사의 최후
마흔 앞둔 최여진, 스무살 때보다 아름다운 이유
無수저 창업자, 천원짜리 팔아 3조 매출 일궜지만…








이 기사를 추천합니다


기사 추천은 24시간 내 50회까지 참여할 수 있습니다.
닫기






쏠쏠정보
0




흥미진진
0




공감백배
0




분석탁월
0




후속강추
0


 




 












모두에게 보여주고 싶은 기사라면?beta

이 기사를 추천합니다 버튼을 눌러주세요.  집계 기간 동안 추천을 많이 받은 기사는 네이버 자동 기사배열 영역에 추천 요소로 활용됩니다.

레이어 닫기


 


조선일보 언론사홈 바로가기


 

언론사 구독 후 기사보기



구독 없이 계속 보기",https://n.news.naver.com/mnews/article/023/0003733890
20221210,023,"“뭘 봐 멍청아”… 분노한 메시, 승리 후에도 상대팀 도발, 왜?","10일(한국시각) 2022 카타르월드컵 8강전 네덜란드전에서 득점한 리오넬 메시가 세리머니를 하고 있다./ 로이터 연합뉴스										과열된 경기 탓이었을까. 아르헨티나 간판 스타 리오넬 메시가 네덜란드와의 월드컵 8강전에서 승리한 뒤에도 흥분을 감추지 못했다. 앞서 자신을 겨냥했던 상대팀 감독과 언쟁을 벌이는 가하면, 인터뷰 중에도 네덜란드 선수가 보이자 막말을 퍼부은 것이다.아르헨티나는 10일(한국 시각) 승부차기 접전 끝에 네덜란드를 꺾고 8년 만에 준결승에 진출했다. 이날 경기는 다소 거칠었다. 아르헨티나는 2-0으로 앞서가다 막판 두 골을 허용했다. 이 과정에서 양팀 선수들간 몸싸움이 이어졌고 메시도 여러번 경기장에 나뒹굴어야 했다.메시는 이날 골을 넣은 뒤 루이스 반 할 네덜란드 감독이 있는 상대 벤치를 바라보며 양손을 귀에 대는 세리머니를 선보였다. 이는 아르헨티나 축구전설 후안 로만 리켈메의 시그니처 세리머니로, 영국 스카이스포츠는 ‘당신은 너무 말이 많다’는 의미를 가진다고 해석했다. 메시는 경기가 끝난 후에도 반 할 감독과 언쟁을 벌였다.



10일(한국시각) 2022 카타르월드컵 8강전에서 네덜란드를 이긴 직후 리오넬 메시가 루이스 반 할 네덜란드 감독과 언쟁을 벌이는 모습. /로이터 뉴스1										메시의 이런 행동에는 이유가 있었다. 앞서 반 할 감독이 네덜란드 NOS와의 인터뷰에서 “메시는 가장 위험하고 창의적인 플레이를 하는 선수”라면서도 “그러나 메시는 상대팀이 볼을 소유하고 있을 땐 경기에 많이 관여하지 않는다. 그 점이 우리가 공략할 점”이라고 평가한 것이다. 그는 경기 전날에도 “메시를 막을 방법은 있지만 말하지 않을 것”이라고 말했다.이에 메시는 경기 종료 후 인터뷰에서 “네덜란드는 경기 전 우리를 존중하지 않았다”며 불쾌감을 드러냈다. 그러면서 “반 할 감독은 자신만의 축구를 하겠다더니, 키 큰 선수들을 투입해 머리만 노리고 공을 찼다”고도 했다. 또 이날 두 골을 터뜨린 네덜란드의 바우트 베호르스트를 향해 “뭘 보고 있어. 바보야 저리 꺼져”라며 흥분된 모습을 보이기도 했다.




최혜승 기자  hsc@chosun.com




기자 프로필



















최혜승 기자






구독


구독중





구독자 0




응원수
0







안녕하세요, 최혜승 기자입니다. 많은 제보 부탁드립니다. ▶&#65039;https://chosun.app.link/hsc




흐뭇한 듯 미소까지… ‘노출 여성’ 찍다 딱 걸린 카타르 남성들


또 엇갈린 김보름‧노선영... 판사가 “가슴 아프다”며 한 부탁







조선일보의 구독 많은 기자


조선일보 기사를 더 보고 싶다면?
								구독

조선일보 언론사 구독되었습니다. 메인 뉴스판에서 조선일보 주요뉴스를  볼 수 있습니다.
보러가기


조선일보 언론사 구독 해지되었습니다.


닫기








Copyright ⓒ 조선일보. All rights reserved. 무단 전재 및 재배포 금지.

 
이 기사는 언론사에서 세계 섹션으로 분류했습니다.

기사 섹션 분류 안내
기사의 섹션 정보는 해당 언론사의 분류를 따르고 있습니다. 언론사는 개별 기사를 2개 이상 섹션으로 중복 분류할 수 있습니다.
닫기











구독
메인에서 바로 보는 언론사 편집 뉴스 지금 바로 구독해보세요!


구독중
메인에서 바로 보는 언론사 편집 뉴스 지금 바로 확인해보세요! 보러가기









압도적 1위 칼럼 ‘만물상’ 조선일보 앱에서 보기


뉴스도 본점이 맛있다! 조선닷컴에서 주요 기사 놓치지 않기


 





			주요뉴스해당 언론사에서 선정하며 언론사 페이지(아웃링크)로 이동해 볼 수 있습니다.


예상못한 美 '블프' 호황… 세계경제 毒되나
오열 중 크로아티아 소년 안아줬다, 네이마르의 품격
회식 때 ""얘 이혼했어"" 사생활 폭로한 상사의 최후
마흔 앞둔 최여진, 스무살 때보다 아름다운 이유
無수저 창업자, 천원짜리 팔아 3조 매출 일궜지만…








이 기사를 추천합니다


기사 추천은 24시간 내 50회까지 참여할 수 있습니다.
닫기






쏠쏠정보
0




흥미진진
0




공감백배
0




분석탁월
0




후속강추
0


 




 












모두에게 보여주고 싶은 기사라면?beta

이 기사를 추천합니다 버튼을 눌러주세요.  집계 기간 동안 추천을 많이 받은 기사는 네이버 자동 기사배열 영역에 추천 요소로 활용됩니다.

레이어 닫기


 


조선일보 언론사홈 바로가기


 

언론사 구독 후 기사보기



구독 없이 계속 보기",https://n.news.naver.com/mnews/article/023/0003733889
20221210,023,"임영웅, 내년 2월 미 LA 돌비시어터에서 공연...해외 투어 시동","임영웅/물고기뮤직 제공										가수 임영웅이 내년 미 LA투어를 예고했다.임영웅은 10일 서울 고척스카이돔에서 임영웅의 전국투어 콘서트 ‘아임 히어로(IM HERO)’ 앙코르 서울 공연 말미에 ‘what’s next’를 통해 LA공연 소식을 알렸다.이날 공개된 콘서트 포스터에선 미 LA돌비 시어터에서 내년 2월 11일과 12일 양일에 콘서트를 연다. 임영웅은 공연 중 “조금 만 쉬고 다시 만나겠다”고 팬을 들썩이기도 했다. 임영웅은 지난 5월 부터 열린 전국 투어콘서트에서 전회 전석 매진 24만 관객을 모으며 10대부터 100세넘는 팬까지 넓은 팬층을 보였다. 이날 공연장에도 100세 넘는 어르신이 현장을 찾으면서 10대부터 고른 분포를 보였다.임영웅은 콘서트 소식을 전하면서 “해외에 계신 영웅시대(공식 팬덤)을 만나러 갈 예정”이라면서 “LA보이가 돼서 오겠다”며 웃었다.임영웅의 이번 LA공연은 해외 팬을 만나는 첫 콘서트인 동시에 글로벌 스타로 발돋움하는 적극적인 행보다. 임영웅은 최근 일본 오사카 교세라돔에서 열린 MAMA 시상식에서 남자가수상을 받으며 명성을 확인시켰다. 또 13일 일본 나고야에서 열릴 ‘2022 아시아 아티스트 어워즈’ 공식 라인업에 이름을 올려 글로벌 시상식을 빛낼 예정이다. 임영웅은 이날 콘서트에서 자신을 ‘상남자’라고 소개하면서 아마 “가장 상을 많이 받은 사람이 아닐까 한다. 모두가 영웅시대 덕분”이라고 말했다.




최보윤 기자 spica@chosun.com




기자 프로필




















최보윤 기자






구독


구독중





구독자 0




응원수
0







문화부 기자입니다.




영탁, 인도네시아 지상파 TV쇼 출연에 현지 톱 가수 한글로 화답


“K팝·K드라마 스타는 선망의 대상… 이들 통해 전 세계 패션 사로잡겠다”







조선일보의 구독 많은 기자


조선일보 기사를 더 보고 싶다면?
								구독

조선일보 언론사 구독되었습니다. 메인 뉴스판에서 조선일보 주요뉴스를  볼 수 있습니다.
보러가기


조선일보 언론사 구독 해지되었습니다.


닫기








Copyright ⓒ 조선일보. All rights reserved. 무단 전재 및 재배포 금지.

 
이 기사는 언론사에서 생활 섹션으로 분류했습니다.

기사 섹션 분류 안내
기사의 섹션 정보는 해당 언론사의 분류를 따르고 있습니다. 언론사는 개별 기사를 2개 이상 섹션으로 중복 분류할 수 있습니다.
닫기











구독
메인에서 바로 보는 언론사 편집 뉴스 지금 바로 구독해보세요!


구독중
메인에서 바로 보는 언론사 편집 뉴스 지금 바로 확인해보세요! 보러가기









압도적 1위 칼럼 ‘만물상’ 조선일보 앱에서 보기


뉴스도 본점이 맛있다! 조선닷컴에서 주요 기사 놓치지 않기


 





			주요뉴스해당 언론사에서 선정하며 언론사 페이지(아웃링크)로 이동해 볼 수 있습니다.


예상못한 美 '블프' 호황… 세계경제 毒되나
오열 중 크로아티아 소년 안아줬다, 네이마르의 품격
회식 때 ""얘 이혼했어"" 사생활 폭로한 상사의 최후
마흔 앞둔 최여진, 스무살 때보다 아름다운 이유
無수저 창업자, 천원짜리 팔아 3조 매출 일궜지만…








이 기사를 추천합니다


기사 추천은 24시간 내 50회까지 참여할 수 있습니다.
닫기






쏠쏠정보
0




흥미진진
0




공감백배
0




분석탁월
0




후속강추
0


 




 












모두에게 보여주고 싶은 기사라면?beta

이 기사를 추천합니다 버튼을 눌러주세요.  집계 기간 동안 추천을 많이 받은 기사는 네이버 자동 기사배열 영역에 추천 요소로 활용됩니다.

레이어 닫기


 


조선일보 언론사홈 바로가기


 

언론사 구독 후 기사보기



구독 없이 계속 보기",https://n.news.naver.com/mnews/article/023/0003733888
20221210,023,11일 이상민 해임안 본회의 표결…예산안은 15일 합의처리,"李 해임안은 ‘72시간’ 시한 직전 표결…與 “그러면 국조 쉽지 않을 것”



이상민 행안부 장관. /이덕훈 기자										국회는 오는 11일 오전 10시 본회의를 열어 더불어민주당이 발의한 이상민 행정안전부 장관에 대한 해임건의안을 상정해 표결로 처리한다. ‘이태원 참사’의 책임을 이 장관에게 묻겠다는 것이다. 그러나 국민의힘은 ‘이태원 참사’ 국정조사가 이뤄지기도 전에 이 장관을 해임시키려는 것은 당초 합의한 것과 다르다며 반대 입장을 고수하고 있다.합의에 난항을 겪은 내년도 예산안은 여야 간 간극이 여전해 추가 협상을 거쳐 오는 15일 오후 2시 본회의를 열어 처리하기로 했다. 김진표 국회의장과 국민의힘 주호영·민주당 박홍근 원내대표는 10일 오후 회동에서 이같이 합의했다.



주호영 국민의힘 원내대표(왼쪽)와 박홍근 더불어민주당 원내대표. /뉴스1										김 의장은 이날 여야 원내대표에게 나흘을 더 주면서 양측이 예산안과 예산부수법안에 대한 이견을 좁혀 합의안을 마련해달라고 했다.이 기간 합의 도출에 실패할 경우에 대해 김 의장은 “15일 현재 국회에 제출된 정부안 또는 (야당 단독) 수정안을 표결 처리하기로 (여야가) 합의했다”고 말했다.이에 따라 15일 본회의 전까지 여야가 추가 협상을 통해 예산안에 합의할 수 있을지 주목된다.본회의에서는 수정안과 정부 원안 순서로 표결에 부쳐진다. 여야 합의가 안될 경우 국회 재적 과반(169석)을 가진 민주당이 자체 수정안을 강행 처리하고, 정부안을 부결시킬 가능성이 있다.민주당은 예산안 협상이 불발될 것에 대비해 정부가 국회에 제출한 예산안에서 감액만 반영한 수정안을 마련, 발의 여부를 검토 중이다.박 원내대표는 회동 직후 기자들과 만나 “우리로서는 그때까지 여야와 정부가 머리 맞대서 합의한 수정안이 만들어지기를 노력하고, 기대한다”고 말했다.민주당이 ‘이태원 참사’의 책임을 물어 발의한 이 장관 해임건의안은 지난 8일 본회의에 보고된 상태다. 해임 건의안은 이후 72시간 이내 본회의에서 표결 처리되지 않으면 자동 폐기되는데, 그 시한이 내일인 11일 오후 2시다.국민의힘은 11일 본회의 전 의원총회를 열어 해임건의안 처리에 대한 대응 방안을 모색한다. 이태원 참사 국정조사가 시작되기 전 이 장관 해임건의안이 처리되는 것은 여야 합의 위반이라는 게 국민의힘 입장이다.주 원내대표는 기자들에게 “해임건의안이 되고 나면 (국정조사는) 쉽지 않을 것”이라고 말해 보이콧 가능성을 시사했다.




노석조 기자 stonebird@chosun.com




기자 프로필




















노석조 기자






구독


구독중





구독자 0




응원수
0







The Two Koreas correspondent & Author of ""the Secret of Israel military forces(강한 이스라엘 군대의 비밀)""




[단독]  北도발에 경고 성명 낸 강호필, 최전선 1군단장 임명...777사령관도 교체


[단독] “세월호 지원금으로 北찬양”... 뿔난 MZ들, 안산 시민단체 고발







조선일보의 구독 많은 기자


조선일보 기사를 더 보고 싶다면?
								구독

조선일보 언론사 구독되었습니다. 메인 뉴스판에서 조선일보 주요뉴스를  볼 수 있습니다.
보러가기


조선일보 언론사 구독 해지되었습니다.


닫기








Copyright ⓒ 조선일보. All rights reserved. 무단 전재 및 재배포 금지.

 
이 기사는 언론사에서 정치 섹션으로 분류했습니다.

기사 섹션 분류 안내
기사의 섹션 정보는 해당 언론사의 분류를 따르고 있습니다. 언론사는 개별 기사를 2개 이상 섹션으로 중복 분류할 수 있습니다.
닫기











구독
메인에서 바로 보는 언론사 편집 뉴스 지금 바로 구독해보세요!


구독중
메인에서 바로 보는 언론사 편집 뉴스 지금 바로 확인해보세요! 보러가기









압도적 1위 칼럼 ‘만물상’ 조선일보 앱에서 보기


뉴스도 본점이 맛있다! 조선닷컴에서 주요 기사 놓치지 않기


 





			주요뉴스해당 언론사에서 선정하며 언론사 페이지(아웃링크)로 이동해 볼 수 있습니다.


예상못한 美 '블프' 호황… 세계경제 毒되나
""어… 답 안할게요"" 조규성 당황시킨 KBS 앵커 질문
러 쇼핑몰 대형폭발… 축구장 면적 순식간에 삼켰다
英의학전문가 ""손흥민 월드컵 출전은 도박이었다""
""44살인데…"" CNN, 한국 '만 나이' 보도하며 언급한 인물








이 기사를 추천합니다


기사 추천은 24시간 내 50회까지 참여할 수 있습니다.
닫기






쏠쏠정보
0




흥미진진
0




공감백배
0




분석탁월
0




후속강추
0


 




 












모두에게 보여주고 싶은 기사라면?beta

이 기사를 추천합니다 버튼을 눌러주세요.  집계 기간 동안 추천을 많이 받은 기사는 네이버 자동 기사배열 영역에 추천 요소로 활용됩니다.

레이어 닫기


 


22. 11. 17. - 22. 12. 11. 까지 관련뉴스를 확인해보세요.




조선일보 언론사홈 바로가기


 

언론사 구독 후 기사보기



구독 없이 계속 보기",https://n.news.naver.com/mnews/article/023/0003733887
20221210,023,"文 “마루야, 고맙고 고맙다. 잘가라”...반려견 죽음 소식 전해","“화장해 양산 집 마당 사이 나무에 묻어”



문재인 전 대통령이 10일 페이스북에 올린 반려견 마루 사진. /페이스북										문재인 전 대통령이 10일 “오늘 마루가 저세상으로 떠났습니다”면서 “아침 산책 중에 스르르 주저앉았고, 곧 마지막 숨을 쉬었습니다”라고 밝혔다. ‘마루’는 문 전 대통령의 반려견이다.문 전 대통령은 이날 페이스북에서 이 같이 밝히며 “(마루가) 아침 산책 중에 스르르 주저앉았고, 곧 마지막 숨을 쉬었습니다”고 했다.이어 “고통이나 신음소리 없이 편안한 표정으로 갔습니다”라며 “산책길에 요즘 즐겨 먹던 떨어진 홍시감을 맛있게 먹기도 했습니다”고 했다.그러면서 “마지막 산책을 함께 하고, 숨을 거둘 때 쓰다듬어 줄 수 있었으니 매우 다행이었습니다.”라고 했다.문 전 대통령은 “마루는 내가 참여정부를 마치고 양산 매곡 골짜기에서 살기 시작할 때부터 지금까지 긴 세월 격변의 기간 동안 우리 가족의 든든한 반려였고, 많은 위로와 행복을 주었습니다”라며 “내게는 더없이 고마운 친구였습니다”라고 했다.그는 “마루는 매곡 골짜기에서 제일 잘 생기고 위엄있는 수컷이었고, 2세도 많이 퍼트렸습니다”라며 “매곡 골짜기의 흰 개는 모두 마루 새끼라고 이웃 사람들이 말할 정도였고, 전국 곳곳으로 입양되어 가기도 했습니다”고 했다.이어 “매곡의 뒷산 대운산 자락을 맘껏 뛰어다녔고, 청와대에 살면서 북한 풍산개 곰이와 사랑을 나누고 남북합작을 만들어 내기도 했으니, 그만하면 잘 산 견생이었습니다”면서 “마루는 화장하여 우리집 마당 나무 사이에 수목장으로 묻혔습니다”고 했다.그러면서 “마루야 고맙고 고맙다. 다음 생이 있다면 더 좋은 인연, 더 좋은 관계로 꼭 다시 만나자. 잘 가라”라고 했다.



2019년 9월 1일 당시 문재인 전 대통령과 부인 김정숙 여사가 청와대에서 김정은 북한 국무위원장이 선물한 풍산개 암컷 곰이와 문 전 대통령이 기르던 수컷 마루 사이에서 태어난 풍산개 강아지들과 시간을 보내고 있는 모습. 풍산개 새끼 7마리(아름· 다운· 강산· 봄· 여름· 가을'· 겨울) 중 6마리를 입양 보내고 다운이만 남겼다가 경남 양산 사저로 데려갔다. /뉴스1										마루는 풍산개로 문 전 대통령이 2017년 대통령 취임 전부터 경남 양산 사저에서 기른 반려견이다. 최근 문 전 대통령의 딸 문다혜씨가 유기견 지원 사업으로 만든 달력에도 마루의 삽화가 실려있다. 마루는 2018년 북한 김정은이 문 전 대통령에게 선물한 암컷 풍산개 ‘곰이’와 7마리의 새끼를 보기도 했다.




노석조 기자 stonebird@chosun.com




기자 프로필




















노석조 기자






구독


구독중





구독자 0




응원수
0







The Two Koreas correspondent & Author of ""the Secret of Israel military forces(강한 이스라엘 군대의 비밀)""




[단독]  北도발에 경고 성명 낸 강호필, 최전선 1군단장 임명...777사령관도 교체


[단독] “세월호 지원금으로 北찬양”... 뿔난 MZ들, 안산 시민단체 고발







조선일보의 구독 많은 기자


조선일보 기사를 더 보고 싶다면?
								구독

조선일보 언론사 구독되었습니다. 메인 뉴스판에서 조선일보 주요뉴스를  볼 수 있습니다.
보러가기


조선일보 언론사 구독 해지되었습니다.


닫기








Copyright ⓒ 조선일보. All rights reserved. 무단 전재 및 재배포 금지.

 
이 기사는 언론사에서 정치 섹션으로 분류했습니다.

기사 섹션 분류 안내
기사의 섹션 정보는 해당 언론사의 분류를 따르고 있습니다. 언론사는 개별 기사를 2개 이상 섹션으로 중복 분류할 수 있습니다.
닫기











구독
메인에서 바로 보는 언론사 편집 뉴스 지금 바로 구독해보세요!


구독중
메인에서 바로 보는 언론사 편집 뉴스 지금 바로 확인해보세요! 보러가기









압도적 1위 칼럼 ‘만물상’ 조선일보 앱에서 보기


뉴스도 본점이 맛있다! 조선닷컴에서 주요 기사 놓치지 않기


 





			주요뉴스해당 언론사에서 선정하며 언론사 페이지(아웃링크)로 이동해 볼 수 있습니다.


예상못한 美 '블프' 호황… 세계경제 毒되나
임산부석에 앉았다가 화들짝… 남성이 도망친 이유
모로코에 0대1 패… 호날두, 펑펑 울며 떠났다
""어… 답 안할게요"" 조규성 당황시킨 KBS 앵커 질문
러 쇼핑몰 대형폭발… 축구장 면적 순식간에 삼켰다








이 기사를 추천합니다


기사 추천은 24시간 내 50회까지 참여할 수 있습니다.
닫기






쏠쏠정보
0




흥미진진
0




공감백배
0




분석탁월
0




후속강추
0


 




 












모두에게 보여주고 싶은 기사라면?beta

이 기사를 추천합니다 버튼을 눌러주세요.  집계 기간 동안 추천을 많이 받은 기사는 네이버 자동 기사배열 영역에 추천 요소로 활용됩니다.

레이어 닫기


 


조선일보 언론사홈 바로가기


 

언론사 구독 후 기사보기



구독 없이 계속 보기",https://n.news.naver.com/mnews/article/023/0003733886
20221210,023,"“성역없는 진상규명하라” 이태원 희생자 97명 유가족, 협의회 설립","이태원 핼러윈 참사 유가족 협의회 10일 중구 달개비에서 창립선언 기자회견을 하고 있다. /연합뉴스										158명의 희생자가 발생한 이태원 핼러윈 참사 유가족들이 협의회를 설립하고 참사 진상규명과 책임자 처벌을 촉구하고 나섰다.이태원 핼러윈 참사 희생자 97명의 유가족들은 10일 오후 4시 서울 중구 컨퍼런스홀 달개비에서 ‘10.29 이태원 참사 유가족 협의회’(협의회) 창립선언 기자회견을 열었다. 협의회에 참여한 유가족은 170명으로, 기자회견에는 50여명이 자리했다. 이들은 윤석열 대통령 등 정부 책임자들의 공식적인 사과와 더불어 참사에 대한 철저한 진상규명과 성역 없는 수사, 희생자 추모 공간 설치 및 유가족 모임 지원, 온·오프라인상 2차 가해에 대한 처벌 등을 요구했다.이날 기자회견에서는 협의회 설립 경과와 창립선언문 낭독, 유가족 발언 등이 이어졌다. 협의회 대표를 맡은 참사 희생자 이지한씨의 아버지 이종철씨는 “행정안전부와 서울시에 유가족들이 울고 껴안으며 서로를 위로하는 게 트라우마를 치료하는 최선의 방법이라고 매일같이 말했지만, 유가족 연락처는 알려주지 않고 정신과 진료와 상담을 받으라는 말 뿐이다”라며 “지난 2일에는 중앙재난안전대책본부도 해체했는데, 유가족과 소통도 없이 중대본을 해체한 이유는 무엇이냐”고 했다.



이태원 핼러윈 참사 희생자 유가족들이 10일 오후 서울 중구 달개비에서 이태원 참사 유가족협의회 창립선언 기자회견 중 오열하고 있다. /뉴스1										이날 유가족들은 기자회견을 진행하는 내내 오열을 멈추지 못했고, 한 유가족이 쓰러지며 기자회견이 잠시 중단되기도 했다. 이들은 희생자의 이름을 부르며 “사랑한다” “보고싶다”고 외쳤고, “이상민을 파면하라” “살인자를 처벌하라”며 고함을 치는 유가족도 있었다. 희생자 조경철씨의 어머니는 “바쁜 엄마 대신 동생들을 돌봐주고, 엄마 곁에 있고 싶다며 애교를 부리던 아들이 이렇게 빨리 세상을 떠날 줄은 몰랐다”며 “정부 책임자들은 참사에 진심으로 사과하라”고 했다.한편, 이날 권성동 국민의힘 의원이 협의회 출범과 관련해 사회관계망서비스(SNS)에 “세월호처럼 정쟁으로 소비되다가 시민단체의 횡령 수단으로 악용될 가능성이 있다”고 적은 것에 대해 유가족들은 “정쟁이란 게 무엇이냐”고 반발했다. 협의회 부대표를 맡은 이정민씨는 “정부에서 책임을 다했다면 유가족들이 모여 협의회를 만들 이유도 없었다”고 했다.협의회는 참사 49재에 맞춰 오는 16일 이태원역에서 174개 단체가 모인 이태원 핼러윈 참사 시민사회연대회의와 함께 희생자 추모제를 열 계획이다.




강우량 기자 sabo@chosun.com




Copyright ⓒ 조선일보. All rights reserved. 무단 전재 및 재배포 금지.

 
이 기사는 언론사에서 사회 섹션으로 분류했습니다.

기사 섹션 분류 안내
기사의 섹션 정보는 해당 언론사의 분류를 따르고 있습니다. 언론사는 개별 기사를 2개 이상 섹션으로 중복 분류할 수 있습니다.
닫기











구독
메인에서 바로 보는 언론사 편집 뉴스 지금 바로 구독해보세요!


구독중
메인에서 바로 보는 언론사 편집 뉴스 지금 바로 확인해보세요! 보러가기









압도적 1위 칼럼 ‘만물상’ 조선일보 앱에서 보기


뉴스도 본점이 맛있다! 조선닷컴에서 주요 기사 놓치지 않기


 





			주요뉴스해당 언론사에서 선정하며 언론사 페이지(아웃링크)로 이동해 볼 수 있습니다.


예상못한 美 '블프' 호황… 세계경제 毒되나
오열 중 크로아티아 소년 안아줬다, 네이마르의 품격
회식 때 ""얘 이혼했어"" 사생활 폭로한 상사의 최후
마흔 앞둔 최여진, 스무살 때보다 아름다운 이유
無수저 창업자, 천원짜리 팔아 3조 매출 일궜지만…








이 기사를 추천합니다


기사 추천은 24시간 내 50회까지 참여할 수 있습니다.
닫기






쏠쏠정보
0




흥미진진
0




공감백배
0




분석탁월
0




후속강추
0


 




 












모두에게 보여주고 싶은 기사라면?beta

이 기사를 추천합니다 버튼을 눌러주세요.  집계 기간 동안 추천을 많이 받은 기사는 네이버 자동 기사배열 영역에 추천 요소로 활용됩니다.

레이어 닫기


 


조선일보 언론사홈 바로가기


 

언론사 구독 후 기사보기



구독 없이 계속 보기",https://n.news.naver.com/mnews/article/023/0003733885
20221210,023,"“집 갈 때 비둘기춤 춰”… 크로아티아 모델, 브라질 조롱 댄스","16강전 땐 패한 日, 초밥 먹으며 조롱



크로아티아 모델 이바나 놀(30). /인스타그램										2022 카타르 월드컵에서 파격적인 노출 의상으로 화제인물이 된 크로아티아 여성이 일본에 이어 브라질을 조롱하는 영상을 올렸다.독일계 크로아티아 모델 이바나 놀(30)은 10일 인스타그램에 8초 분량의 짧은 영상을 올린 뒤 “집으로 돌아가는 길에 비둘기 춤을 추세요”라는 글을 썼다. 영상에서 놀은 웃음기 띤 얼굴로 양팔을 앞뒤로 흔들며 춤을 춘다. 마지막에는 손으로 ‘브이’ 모양을 만들며 윙크까지 한다.이는 같은 날 크로아티아와의 8강전에서 승부차기 끝에 패한 브라질을 조롱하는 의미로 보인다. 놀이 언급한 ‘비둘기 춤’이 브라질 공격수 히샬리송(토트넘)의 전매특허 골 세리머니로 유명하기 때문이다. 브라질 선수들은 한국과의 16강전에서도 골을 터뜨릴 때마다 댄스 세리머니를 선보인 바 있다.



‘카타르 월드컵 노출’로 유명세를 얻은 크로아티아 모델 이바나 놀이 10일(한국시간) 자신의 인스타그램에 춤추는 영상을 올리며 “집으로 돌아가는 길에 비둘기 춤을 추세요”라는 글을 올렸다. '비둘기 춤'은 브라질팀이 한국과의 16강 경기에서 이기고 나서 운동장에서 선보인 춤으로 승리를 자축하며 추었던 춤이다./인스타그램										앞서 놀은 지난 6일 크로아티아가 16강전에서 일본을 꺾은 뒤에도 비슷한 의미의 게시물을 올렸었다. 당시 그는 초밥 먹는 영상을 첨부한 후 “오늘 메뉴가 초밥밖에 없다”고 썼다. 네티즌들은 놀이 일본 대표 음식인 초밥을 먹으며 일본을 크로아티아의 ‘먹잇감’에 비유했다고 해석했다.놀은 이슬람 율법에 따라 노출 의상을 삼가달라는 권고에도 불구하고 몸매가 훤히 드러나는 차림으로 경기장을 찾아 화제된 인물이다. 그는 2014 브라질 대회와 2018 러시아 대회 때도 모습을 드러냈지만 이정도로 주목받지는 못했다. 놀의 인스타그램 팔로워 수는 월드컵 개막 당시 57만명 정도였으나 10일 기준 202만명으로 늘었다.




문지연 기자 jymoon@chosun.com




기자 프로필




















문지연 기자






구독


구독중





구독자 0




응원수
0







열심히 듣겠습니다.




20년 전 한국에 지고도 홀로 축하해준 그 선수, 벤투였다


8강 경기장서 돌연사 한 美기자… 쓰러지기 전 남긴 글엔







조선일보의 구독 많은 기자


조선일보 기사를 더 보고 싶다면?
								구독

조선일보 언론사 구독되었습니다. 메인 뉴스판에서 조선일보 주요뉴스를  볼 수 있습니다.
보러가기


조선일보 언론사 구독 해지되었습니다.


닫기








Copyright ⓒ 조선일보. All rights reserved. 무단 전재 및 재배포 금지.

 
이 기사는 언론사에서 세계 섹션으로 분류했습니다.

기사 섹션 분류 안내
기사의 섹션 정보는 해당 언론사의 분류를 따르고 있습니다. 언론사는 개별 기사를 2개 이상 섹션으로 중복 분류할 수 있습니다.
닫기











구독
메인에서 바로 보는 언론사 편집 뉴스 지금 바로 구독해보세요!


구독중
메인에서 바로 보는 언론사 편집 뉴스 지금 바로 확인해보세요! 보러가기









압도적 1위 칼럼 ‘만물상’ 조선일보 앱에서 보기


뉴스도 본점이 맛있다! 조선닷컴에서 주요 기사 놓치지 않기


 





			주요뉴스해당 언론사에서 선정하며 언론사 페이지(아웃링크)로 이동해 볼 수 있습니다.


예상못한 美 '블프' 호황… 세계경제 毒되나
'文 유기견 달력'에 與 ""풍산개는 버리면서…""
브라질은 어쩌다… 20년째 이어진 '월드컵의 비극'
회식 때 ""얘 이혼했어"" 사생활 폭로한 상사의 최후
마흔 앞둔 최여진, 스무살 때보다 아름다운 이유








이 기사를 추천합니다


기사 추천은 24시간 내 50회까지 참여할 수 있습니다.
닫기






쏠쏠정보
0




흥미진진
0




공감백배
0




분석탁월
0




후속강추
0


 




 












모두에게 보여주고 싶은 기사라면?beta

이 기사를 추천합니다 버튼을 눌러주세요.  집계 기간 동안 추천을 많이 받은 기사는 네이버 자동 기사배열 영역에 추천 요소로 활용됩니다.

레이어 닫기


 


조선일보 언론사홈 바로가기


 

언론사 구독 후 기사보기



구독 없이 계속 보기",https://n.news.naver.com/mnews/article/023/0003733884
20221210,023,여성 가발 쓰고 화장실 잠입해 불법촬영...피해자만 200여명,"서울 은평경찰서/뉴스1										여성 가발을 쓰고 공용화장실 등에 잠입해 여성들을 불법 촬영한 남성이 검찰에 송치됐다. 이 남성에게 피해를 입은 여성만 200여명에 달하는 것으로 파악됐다.서울 은평경찰서는 지난달 30일 불법촬영 혐의로 대학원생인 20대 남성 A씨를 검찰에 구속 송치했다고 10일 밝혔다. A씨는 지난 7월부터 10월까지 수도권 일대 공용화장실이나 실내 체육시설 탈의실, 카페, 식당 등 11곳에서 초소형 카메라로 시설 이용자들을 불법 촬영한 혐의를 받는다.A씨는 여성용 가발을 쓰고 여성인 척 범행 장소들에 들어갔고, 피해자들이 발견하기 어려운 자동차 키 모양이나 라이터 모양의 카메라를 사용한 것으로 파악됐다. 지난 9월 화장실에 카메라가 설치돼있다는 신고를 받고 수사에 착수한 경찰은 지난 10월 A씨를 검거한 뒤 지난달 말 구속했다.경찰이 확보한 A씨의 불법 촬영물은 355점으로, 확인된 피해 여성만 200여명에 달하는 것으로 파악됐다. A씨는 경찰 조사에서 자신의 혐의를 모두 인정한 것으로 전해졌다. 다만 불법 촬영물이 온라인 등에 유포된 정황은 발견되지 않았다.




강우량 기자 sabo@chosun.com




Copyright ⓒ 조선일보. All rights reserved. 무단 전재 및 재배포 금지.

 
이 기사는 언론사에서 사회 섹션으로 분류했습니다.

기사 섹션 분류 안내
기사의 섹션 정보는 해당 언론사의 분류를 따르고 있습니다. 언론사는 개별 기사를 2개 이상 섹션으로 중복 분류할 수 있습니다.
닫기











구독
메인에서 바로 보는 언론사 편집 뉴스 지금 바로 구독해보세요!


구독중
메인에서 바로 보는 언론사 편집 뉴스 지금 바로 확인해보세요! 보러가기









압도적 1위 칼럼 ‘만물상’ 조선일보 앱에서 보기


뉴스도 본점이 맛있다! 조선닷컴에서 주요 기사 놓치지 않기


 





			주요뉴스해당 언론사에서 선정하며 언론사 페이지(아웃링크)로 이동해 볼 수 있습니다.


예상못한 美 '블프' 호황… 세계경제 毒되나
'文 유기견 달력'에 與 ""풍산개는 버리면서…""
브라질은 어쩌다… 20년째 이어진 '월드컵의 비극'
회식 때 ""얘 이혼했어"" 사생활 폭로한 상사의 최후
마흔 앞둔 최여진, 스무살 때보다 아름다운 이유








이 기사를 추천합니다


기사 추천은 24시간 내 50회까지 참여할 수 있습니다.
닫기






쏠쏠정보
0




흥미진진
0




공감백배
0




분석탁월
0




후속강추
0


 




 












모두에게 보여주고 싶은 기사라면?beta

이 기사를 추천합니다 버튼을 눌러주세요.  집계 기간 동안 추천을 많이 받은 기사는 네이버 자동 기사배열 영역에 추천 요소로 활용됩니다.

레이어 닫기


 


조선일보 언론사홈 바로가기


 

언론사 구독 후 기사보기



구독 없이 계속 보기",https://n.news.naver.com/mnews/article/023/0003733883
20221210,023,"우리 수출, 지난해 기록 깨고 역대 최고 기록","수입은 이미 11월 누적 기준 지난해 최고 기록 500억달러 이상 웃돌아



지난 9일 오후 경기 평택시 포승읍 평택항 수출 야적장에서 화물차들이 컨테이너를 나르고 있다./뉴스1										우리나라 수출이 지난해 기록을 깨고 역대 최고를 기록했다.산업통상자원부는 10일 오전 7시 4분 기준 올해 누적 수출액이 기존 연간 역대 최고실적을 기록한 지난해 6444억달러(약 840조원)를 초과했다고 밝혔다. 지난해 같은 기간(1월1일~12월10일)과 비교해서는 6.8%가 증가했다.산업부 관계자는 “올해 수출도 지난해에 이어 2년 연속 사상 최대실적을 경신하게 됐다”며 “수출액은 연말까지 6800억달러를 넘어설 것으로 보인다”고 말했다. 이로써 기존 역대 2위인 2018년(6049억달러)과 3위인 2017년(5737억달러) 기록은 순위가 하나씩 밀리게 됐다.다만 올해 10월 수출이 작년보다 5.7% 줄어든 데 이어 11월에도 작년보다 14%나 감소하며 내년 수출 전망은 밝지 않다. 수입은 이미 11월 말 기준 올해 누적 수입액이 6716억달러를 기록하며 역대 최대였던 지난해 수입액(6151억달러)을 크게 넘어섰다.




조재희 기자 joyjay@chosun.com




기자 프로필




















조재희 기자






구독


구독중





구독자 0




응원수
0







안녕하세요. 조선일보 산업부 조재희 기자입니다.




UAE 최고액권 지폐에 한국이 지은 원전 들어가


탈원전에 발목잡혔던 ‘한빛 4호기’ 5년만에 재가동







조선일보의 구독 많은 기자


조선일보 기사를 더 보고 싶다면?
								구독

조선일보 언론사 구독되었습니다. 메인 뉴스판에서 조선일보 주요뉴스를  볼 수 있습니다.
보러가기


조선일보 언론사 구독 해지되었습니다.


닫기








Copyright ⓒ 조선일보. All rights reserved. 무단 전재 및 재배포 금지.

 
이 기사는 언론사에서 경제 섹션으로 분류했습니다.

기사 섹션 분류 안내
기사의 섹션 정보는 해당 언론사의 분류를 따르고 있습니다. 언론사는 개별 기사를 2개 이상 섹션으로 중복 분류할 수 있습니다.
닫기











구독
메인에서 바로 보는 언론사 편집 뉴스 지금 바로 구독해보세요!


구독중
메인에서 바로 보는 언론사 편집 뉴스 지금 바로 확인해보세요! 보러가기









압도적 1위 칼럼 ‘만물상’ 조선일보 앱에서 보기


뉴스도 본점이 맛있다! 조선닷컴에서 주요 기사 놓치지 않기


 





			주요뉴스해당 언론사에서 선정하며 언론사 페이지(아웃링크)로 이동해 볼 수 있습니다.


예상못한 美 '블프' 호황… 세계경제 毒되나
'文 유기견 달력'에 與 ""풍산개는 버리면서…""
브라질은 어쩌다… 20년째 이어진 '월드컵의 비극'
회식 때 ""얘 이혼했어"" 사생활 폭로한 상사의 최후
마흔 앞둔 최여진, 스무살 때보다 아름다운 이유








이 기사를 추천합니다


기사 추천은 24시간 내 50회까지 참여할 수 있습니다.
닫기






쏠쏠정보
0




흥미진진
0




공감백배
0




분석탁월
0




후속강추
0


 




 












모두에게 보여주고 싶은 기사라면?beta

이 기사를 추천합니다 버튼을 눌러주세요.  집계 기간 동안 추천을 많이 받은 기사는 네이버 자동 기사배열 영역에 추천 요소로 활용됩니다.

레이어 닫기


 


조선일보 언론사홈 바로가기


 

언론사 구독 후 기사보기



구독 없이 계속 보기",https://n.news.naver.com/mnews/article/023/0003733882
20221210,023,크로아티아 소년도 꼭 안아줬다… 패배 속 빛난 네이마르 품격,"10일(한국시각) 브라질 축구대표팀 네이마르가 2022 카타르 월드컵 8강전에서 패배한 직후 크로아티아 소년을 안아주고 있는 모습. /AFP연합뉴스										브라질 축구스타 네이마르(파리 생제르맹)의 품격은 2022 카타르 월드컵에서도 돋보였다. 8강전 패배로 우승의 꿈이 좌절된 직후에도, 어린 팬에게만큼은 미소로 화답한 것이다.브라질은 10일(한국 시각) 크로아티아와의 8강전에서 승부차기까지 가는 접전 끝에 승리를 내줬다. 네이마르는 연장 전반 추가시간에 선제골을 터뜨리며 활약했으나, 팀은 무승부 끝에 이어진 승부차기에서 2대 4로 패하고 말았다. 4강 진출이 무산된 순간 네이마르는 그 자리에 주저앉아 눈물을 쏟았다. 고개를 푹 숙이고는 한참을 일어나지 못했다.네이마르가 경기장 안에서 동료들의 위로를 받고 있을 때였다. 크로아티아 유니폼을 입은 꼬마 팬이 그라운드를 가로질러 네이마르에게 뛰어왔다. 이 아이는 주변을 서성이며 상심한 그에게 손을 흔들었다. 브라질 관계자들은 아이를 가로막으며 제지했다. 그러나 네이마르는 소년 팬을 발견하자마자 다가가 악수했다. 이어 아이를 꼭 껴안아준 뒤 머리를 쓰다듬어주기도 했다.NBC스포츠 등에 따르면, 이 소년은 크로아티아 대표팀 이반 페리시치(토트넘)의 아들 레오였다. 경기 종료 직후 선수 가족의 그라운드 진입이 허용됐고, 레오가 네이마르에게 가 위로를 건넨 것이라고 한다.



10일(한국시각) 2022 카타르월드컵 크로아티와의 경기에서 패배한 네이마르가 크로아티아 소년팬을 안아주는 모습./ 트위터@neymaaaaaaaaa 



10일(한국시각) 브라질 축구대표팀 네이마르가 2022 카타르 월드컵 8강전에서 크로아티아에 패배한 직후 울고 있다. /로이터 연합뉴스										이 장면은 트위터에서 100만 조회수를 넘기며 화제를 모았다. 전 세계 네티즌들은 “아름다운 모습이다” “패배한 직후 팬 서비스하기 쉽지 않았을텐데 슈퍼스타는 다르다” “진정한 스포츠맨십” 등의 반응을 보였다.네이마르의 따뜻한 인성이 주목받은 건 지난 6월 평가전을 위해 내한했을 때도 마찬가지였다. 경기 일정보다 일찌감치 한국을 방문해 관광명소를 다녔고, 발등 부상에도 선발 출전해 78분을 소화하며 한국 팬들의 성원에 화답했다.이날 네이마르는 경기 후 “국가대표팀에 대한 문을 닫지는 않겠지만 돌아올 것이라고 100％ 보장하기도 어렵다”며 “나와 대표팀에 무엇이 옳은 결정인지 더 생각해보겠다”고 말했다. 그러면서 “끔찍한 기분이다. 지난 월드컵에 탈락했을 때보다 더 기분이 좋지 않다”고 했다.




최혜승 기자  hsc@chosun.com




기자 프로필



















최혜승 기자






구독


구독중





구독자 0




응원수
0







안녕하세요, 최혜승 기자입니다. 많은 제보 부탁드립니다. ▶&#65039;https://chosun.app.link/hsc




흐뭇한 듯 미소까지… ‘노출 여성’ 찍다 딱 걸린 카타르 남성들


또 엇갈린 김보름‧노선영... 판사가 “가슴 아프다”며 한 부탁







조선일보의 구독 많은 기자


조선일보 기사를 더 보고 싶다면?
								구독

조선일보 언론사 구독되었습니다. 메인 뉴스판에서 조선일보 주요뉴스를  볼 수 있습니다.
보러가기


조선일보 언론사 구독 해지되었습니다.


닫기








Copyright ⓒ 조선일보. All rights reserved. 무단 전재 및 재배포 금지.

 
이 기사는 언론사에서 세계 섹션으로 분류했습니다.

기사 섹션 분류 안내
기사의 섹션 정보는 해당 언론사의 분류를 따르고 있습니다. 언론사는 개별 기사를 2개 이상 섹션으로 중복 분류할 수 있습니다.
닫기











구독
메인에서 바로 보는 언론사 편집 뉴스 지금 바로 구독해보세요!


구독중
메인에서 바로 보는 언론사 편집 뉴스 지금 바로 확인해보세요! 보러가기









압도적 1위 칼럼 ‘만물상’ 조선일보 앱에서 보기


뉴스도 본점이 맛있다! 조선닷컴에서 주요 기사 놓치지 않기


 





			주요뉴스해당 언론사에서 선정하며 언론사 페이지(아웃링크)로 이동해 볼 수 있습니다.


예상못한 美 '블프' 호황… 세계경제 毒되나
오열 중 크로아티아 소년 안아줬다, 네이마르의 품격
회식 때 ""얘 이혼했어"" 사생활 폭로한 상사의 최후
마흔 앞둔 최여진, 스무살 때보다 아름다운 이유
無수저 창업자, 천원짜리 팔아 3조 매출 일궜지만…








이 기사를 추천합니다


기사 추천은 24시간 내 50회까지 참여할 수 있습니다.
닫기






쏠쏠정보
0




흥미진진
0




공감백배
0




분석탁월
0




후속강추
0


 




 












모두에게 보여주고 싶은 기사라면?beta

이 기사를 추천합니다 버튼을 눌러주세요.  집계 기간 동안 추천을 많이 받은 기사는 네이버 자동 기사배열 영역에 추천 요소로 활용됩니다.

레이어 닫기


 


조선일보 언론사홈 바로가기


 

언론사 구독 후 기사보기



구독 없이 계속 보기",https://n.news.naver.com/mnews/article/023/0003733881
20221210,023,,"아르헨티나와 네덜란드의 8강전을 취재하던 중 사망한 기자 그랜트 월. /@GrantWahl 트위터										미국의 한 유명 축구기자가 아르헨티나와 네덜란드의 8강전을 취재하던 중 현장에서 돌연 사망하는 일이 일어났다. 그는 월드컵 기간 살인적인 스케줄을 소화했으며 당일 역시 몸 상태가 좋지 않았던 것으로 전해졌다.10일 뉴욕타임스(NYT) 등 외신에 따르면 이날 아르헨티나와 네달란드의 8강전이 치러진 카타르 루사일 스타디움에서 그랜트 월(48) 기자가 숨졌다. 당시 경기는 연장전 도중이었고 월은 기자석에서 이를 취재하고 있었다. 그러다 갑작스러운 고통을 호소했고 그대로 쓰러진 뒤 일어나지 못했다. 출동한 구급대가 약 20분간 현장에서 응급처치한 뒤 월을 병원으로 옮겼지만 결국 숨을 거뒀다.월은 의식을 잃기 전까지 소셜미디어 등을 통해 대회 열기를 전했던 것으로 알려졌다. 그의 트위터 계정에는 “방금 무슨 일이 일어난 거지?” “네덜란드의 놀라운 세트피스 골이다”는 짧은 글 두 개가 남겨져 있다. 후반전 종료 무렵 터진 네덜란드의 동점골 상황을 중계한 것으로 보인다.그의 정확한 사망 원인은 아직 밝혀지지 않았다. 다만 월드컵 개막 이후 살인적인 스케줄을 소화한 탓에 최근 건강이 악화된 상태였다고 한다. 이달 초에는 카타르 소재 병원을 방문한 뒤 “몸이 고장 난 것 같다. 3주간 잠도 거의 못 자고 스트레스가 심했다. 미국과 네덜란드의 16강전(4일)이 열린 날 증세가 심해졌다. 가슴 윗부분에 강한 압박과 불편함이 있다”는 글을 쓰기도 했다.26년 경력의 월은 축구계에서 정평 난 베테랑 언론인이다. 팟캐스트 등 여러 활동을 겸해 많은 팬을 보유하고 있으며, 트위터 팔로워 역시 85만여명에 달한다. 이번 카타르 월드컵에서는 성 소수자를 지지하는 의미의 무지개색 티셔츠를 입고 입장하려다 제지당한 일로 화제를 모았었다.그런 그의 죽음에 미국축구협회는 이날 성명을 내고 애도를 표했다. 각국 축구계 인사들도 소셜미디어를 통해 슬픔을 전하고 있다. 팬들은 월이 남긴 마지막 게시물로 향해 추모의 댓글을 달았다.




문지연 기자 jymoon@chosun.com




기자 프로필




















문지연 기자






구독


구독중





구독자 0




응원수
0







열심히 듣겠습니다.




20년 전 한국에 지고도 홀로 축하해준 그 선수, 벤투였다


첼리스트 “더탐사, 비용 지원까지 제안… 차단해도 문자하더라”







조선일보의 구독 많은 기자


조선일보 기사를 더 보고 싶다면?
								구독

조선일보 언론사 구독되었습니다. 메인 뉴스판에서 조선일보 주요뉴스를  볼 수 있습니다.
보러가기


조선일보 언론사 구독 해지되었습니다.


닫기








Copyright ⓒ 조선일보. All rights reserved. 무단 전재 및 재배포 금지.

 
이 기사는 언론사에서 세계 섹션으로 분류했습니다.

기사 섹션 분류 안내
기사의 섹션 정보는 해당 언론사의 분류를 따르고 있습니다. 언론사는 개별 기사를 2개 이상 섹션으로 중복 분류할 수 있습니다.
닫기











구독
메인에서 바로 보는 언론사 편집 뉴스 지금 바로 구독해보세요!


구독중
메인에서 바로 보는 언론사 편집 뉴스 지금 바로 확인해보세요! 보러가기









압도적 1위 칼럼 ‘만물상’ 조선일보 앱에서 보기


뉴스도 본점이 맛있다! 조선닷컴에서 주요 기사 놓치지 않기


 





			주요뉴스해당 언론사에서 선정하며 언론사 페이지(아웃링크)로 이동해 볼 수 있습니다.


예상못한 美 '블프' 호황… 세계경제 毒되나
오열 중 크로아티아 소년 안아줬다, 네이마르의 품격
회식 때 ""얘 이혼했어"" 사생활 폭로한 상사의 최후
마흔 앞둔 최여진, 스무살 때보다 아름다운 이유
無수저 창업자, 천원짜리 팔아 3조 매출 일궜지만…








이 기사를 추천합니다


기사 추천은 24시간 내 50회까지 참여할 수 있습니다.
닫기






쏠쏠정보
0




흥미진진
0




공감백배
0




분석탁월
0




후속강추
0


 




 












모두에게 보여주고 싶은 기사라면?beta

이 기사를 추천합니다 버튼을 눌러주세요.  집계 기간 동안 추천을 많이 받은 기사는 네이버 자동 기사배열 영역에 추천 요소로 활용됩니다.

레이어 닫기


 


조선일보 언론사홈 바로가기


 

언론사 구독 후 기사보기



구독 없이 계속 보기",https://n.news.naver.com/mnews/article/023/0003733879
20221210,023,,"文 전 대통령 딸이 대표로 있는 출판사의 ‘유기견 지원’ 프로젝트 비판



문재인 전 대통령 부부가 북한으로부터 선물 받았다가 최근 국가에 반납한 풍산개를 돌보는 모습이 담긴 달력 삽화. /텀블벅										국민의힘은 10일 문재인 전 대통령이 반려동물과 함께 하는 삽화를 배경으로 한 달력 판매 프로젝트가 진행되는 것에 대해 “모순덩어리”라고 비판했다.이 프로젝트는 문 전 대통령이 반려동물 마루·토리·다운·찡찡이 등과 함께 하는 모습을 주제로 한 내년도 달력을 제작·판매하는 사업으로, 문 전 대통령의 딸 다혜 씨가 대표로 있는 출판사가 유기견 지원사업의 일환으로 크라우드 펀딩 플랫폼 ‘텀블벅’에서 진행 중이다.국민의힘 장동혁 원내대변인은 이날 논평에서 “어제 문 전 대통령이 기르다 정부에 반환한 풍산개 ‘곰이’와 ‘송강’이 광주 우치동물원에 넘겨졌다”며 “곰이와 송강이가 달력을 보면서 어떤 마음일지 쉽게 상상이 되지 않는다”고 밝혔다.장 원내대변인은 해당 프로젝트 소개글에 ‘그(문 전 대통령)는 살아있는 모든 것들을 귀하게 여긴다’고 한 대목을 거론, ‘서해 공무원 피격 사건’에 대한 문 전 대통령의 책임을 주장하며 “진정 (문 전 대통령이) 살아있는 모든 것들을 귀하게 여기는지 묻고 싶다”고 했다.그러면서 “도대체 고(故) 이대진씨의 생명보다 먼저인 것이 무엇이었는지, 살아있는 모든 것들 안에 왜 ‘곰이’와 ‘송강’이는 빠져 있었는지 국민은 묻고 있다”며 “달력보다 살아있는 모든 생명이 먼저”라고 주장했다.박수영 의원은 이날 자신의 페이스북에서 “키우던 풍산개는 버리면서 유기견 돕는 캘린더나 만들어 파는 모순덩어리”라고 적었고, 권성동 의원은 전날 페이스북에서 “지금 유기견 달력이나 찍어댈 때가 아니다. 풍산개 파양한 사람이 할 일은 더더욱 아니다”라고 비판했다.




노석조 기자 stonebird@chosun.com




기자 프로필




















노석조 기자






구독


구독중





구독자 0




응원수
0







The Two Koreas correspondent & Author of ""the Secret of Israel military forces(강한 이스라엘 군대의 비밀)""




[단독]  北도발에 경고 성명 낸 강호필, 최전선 1군단장 임명...777사령관도 교체


[단독] “세월호 지원금으로 北찬양”... 뿔난 MZ들, 안산 시민단체 고발







조선일보의 구독 많은 기자


조선일보 기사를 더 보고 싶다면?
								구독

조선일보 언론사 구독되었습니다. 메인 뉴스판에서 조선일보 주요뉴스를  볼 수 있습니다.
보러가기


조선일보 언론사 구독 해지되었습니다.


닫기








Copyright ⓒ 조선일보. All rights reserved. 무단 전재 및 재배포 금지.

 
이 기사는 언론사에서 정치 섹션으로 분류했습니다.

기사 섹션 분류 안내
기사의 섹션 정보는 해당 언론사의 분류를 따르고 있습니다. 언론사는 개별 기사를 2개 이상 섹션으로 중복 분류할 수 있습니다.
닫기











구독
메인에서 바로 보는 언론사 편집 뉴스 지금 바로 구독해보세요!


구독중
메인에서 바로 보는 언론사 편집 뉴스 지금 바로 확인해보세요! 보러가기









압도적 1위 칼럼 ‘만물상’ 조선일보 앱에서 보기


뉴스도 본점이 맛있다! 조선닷컴에서 주요 기사 놓치지 않기


 





			주요뉴스해당 언론사에서 선정하며 언론사 페이지(아웃링크)로 이동해 볼 수 있습니다.


예상못한 美 '블프' 호황… 세계경제 毒되나
브라질은 어쩌다… 20년째 이어진 '월드컵의 비극'
회식 때 ""얘 이혼했어"" 사생활 폭로한 상사의 최후
마흔 앞둔 최여진, 스무살 때보다 아름다운 이유
無수저 창업자, 천원짜리 팔아 3조 매출 일궜지만…








이 기사를 추천합니다


기사 추천은 24시간 내 50회까지 참여할 수 있습니다.
닫기






쏠쏠정보
0




흥미진진
0




공감백배
0




분석탁월
0




후속강추
0


 




 












모두에게 보여주고 싶은 기사라면?beta

이 기사를 추천합니다 버튼을 눌러주세요.  집계 기간 동안 추천을 많이 받은 기사는 네이버 자동 기사배열 영역에 추천 요소로 활용됩니다.

레이어 닫기


 


조선일보 언론사홈 바로가기


 

언론사 구독 후 기사보기



구독 없이 계속 보기",https://n.news.naver.com/mnews/article/023/0003733878
20221210,023,,"2022 카타르 월드컵 16강 진출에 성공한 대한민국 축구 국가대표팀 선수들과 코치진이 7일 오후 인천국제공항 제1터미널을 통해 귀국한 뒤 기념촬영 하고 있다. /뉴스1										대한축구협회(KFA)는 차기 국가대표팀 감독 선임과 관련해 “섣부른 예단을 하지 말아달라”고 10일 밝혔다.KFA는 이날 공식 인스타그램을 통해 “새 국가대표팀 감독 선임과 관련해 일부 언론 매체의 무분별한 추측성 보도가 나오고 있는 것에 대해 대한축구협회는 심각한 우려를 표한다”고 했다.2022 카타르 월드컵에서 한국을 16강으로 이끈 파울루 벤투(포르투갈) 감독은 이번 대회를 끝으로 계약이 마무리됐다. 벤투 감독이 재계약을 하지 않겠다는 의사를 밝히면서 KFA는 새 감독을 물색해야 하는 상황이다.KFA는 “축구협회 관계자의 발언이라며 ‘한국인 지도자로 내정’, ‘연봉은 10억(원) 이하’에다 심지어 ‘애국심이 강한 지도자’와 같은 조금 황당한 조건까지도 보도되는 상황”이라며 “특정인의 이름이 유력 후보로 거론되기도 한다”고 했다.스포츠춘추 기자인 박동희씨는 지난 8일 YTN 라디오 ‘뉴스킹 박지훈입니다’에 출연, “축협 관계자 몇몇 분이 언급해 주셨는데, (국내) 감독들을 선임하려는 이유 가운데 하나로 애국심도 있었다. ‘애국심이 뛰어난 축구인’”이라며 “애국심이 감독 선정 기준이라고 한다면 누가 봐도 웃을 일”이라고 했다. 박씨는 “연봉도 10억(원) 이하로 어느 정도 정해놓은 것 같더라”고 했다. 거론되는 감독 후보로는 안정환 MBC 해설위원, 최용수 강원FC 감독,  김학범 전 U-23 대표팀 감독 등을 꼽았다.KFA는 “결론적으로 말씀드리면 위의 내용은 전혀 사실과 다르다”며 “익명의 관계자가 누구인지도 의심스러울뿐더러, 설령 대한축구협회 관계자가 그런 발언을 했다 하더라도 그것은 사견일 뿐이지 대한축구협회의 공식 입장이 아니다”라고 했다.그러면서 “일부 보도에 나온 것처럼 한국인, 외국인 (감독 선임) 여부를 말할 때가 아니며, 연봉 등 세부 조건은 더더욱 거론될 상황이 아니다”라고 했다.KFA는 “규정과 절차에 따라 국가대표 감독 선임은 협회 ‘국가대표 전력강화위원회’가 맡게 된다. 그러나 아직 첫 회의도 열지 않았으며, 이제 논의를 위한 준비에 들어가는 단계”라며 “모든 가능성을 열어놓은 상태에서 향후 우리 대표팀이 나아갈 방향을 정립하는 것부터 시작할 것”이라고 했다.이어 “4년 전 벤투 감독 선임 과정에서 보신 것처럼 당시에도 ‘내부 사정을 잘 아는 관계자’나 ‘축구계 정보에 밝은 소식통’ 등 익명을 이용한 수많은 추측 보도가 있었다”며 “하지만 대부분의 기사가 실제 결론과는 차이가 있었다”고 했다.KFA는 “공식 브리핑이 있기 전까지 국가대표팀 감독 선임과 관련해 섣부른 예단을 하지 말아주실 것을 간곡히 당부드린다”고 했다.



/대한축구협회 인스타그램 




오경묵 기자 note@chosun.com




기자 프로필




















오경묵 기자






구독


구독중





구독자 0




응원수
0







조선일보 오경묵 기자입니다.




한달새 9억 빠진 광교 대장 아파트…“거품 심했다” “전국적 하락” 엇갈려


‘청담동 가짜뉴스’ 협업 뒤… 김의겸·더탐사, 후원금 잭팟 터졌다







조선일보의 구독 많은 기자


조선일보 기사를 더 보고 싶다면?
								구독

조선일보 언론사 구독되었습니다. 메인 뉴스판에서 조선일보 주요뉴스를  볼 수 있습니다.
보러가기


조선일보 언론사 구독 해지되었습니다.


닫기








Copyright ⓒ 조선일보. All rights reserved. 무단 전재 및 재배포 금지.

 
이 기사는 언론사에서 세계 섹션으로 분류했습니다.

기사 섹션 분류 안내
기사의 섹션 정보는 해당 언론사의 분류를 따르고 있습니다. 언론사는 개별 기사를 2개 이상 섹션으로 중복 분류할 수 있습니다.
닫기











구독
메인에서 바로 보는 언론사 편집 뉴스 지금 바로 구독해보세요!


구독중
메인에서 바로 보는 언론사 편집 뉴스 지금 바로 확인해보세요! 보러가기









압도적 1위 칼럼 ‘만물상’ 조선일보 앱에서 보기


뉴스도 본점이 맛있다! 조선닷컴에서 주요 기사 놓치지 않기


 





			주요뉴스해당 언론사에서 선정하며 언론사 페이지(아웃링크)로 이동해 볼 수 있습니다.


예상못한 美 '블프' 호황… 세계경제 毒되나
브라질은 어쩌다… 20년째 이어진 '월드컵의 비극'
회식 때 ""얘 이혼했어"" 사생활 폭로한 상사의 최후
마흔 앞둔 최여진, 스무살 때보다 아름다운 이유
無수저 창업자, 천원짜리 팔아 3조 매출 일궜지만…








이 기사를 추천합니다


기사 추천은 24시간 내 50회까지 참여할 수 있습니다.
닫기






쏠쏠정보
0




흥미진진
0




공감백배
0




분석탁월
0




후속강추
0


 




 












모두에게 보여주고 싶은 기사라면?beta

이 기사를 추천합니다 버튼을 눌러주세요.  집계 기간 동안 추천을 많이 받은 기사는 네이버 자동 기사배열 영역에 추천 요소로 활용됩니다.

레이어 닫기


 


조선일보 언론사홈 바로가기


 

언론사 구독 후 기사보기



구독 없이 계속 보기",https://n.news.naver.com/mnews/article/023/0003733877
20221210,023,,"金 “후원 모금 마감”… 모금 한도액 1억5000만원  金, 작년엔 국회의원 평균 못미치는 9900만원 모금  더탐사는 주거침입 범죄, 수사 상황 실시간 중계해 모금



김의겸 더불어민주당 의원. /뉴스1										유튜브 매체 더탐사와 김의겸 더불어민주당 의원이 이른바 ‘윤석열·한동훈 청담동 술자리’라는 가짜 뉴스를 협업으로 제작·유포한 뒤 ‘잭팟’을 터뜨렸다.김의겸 의원은 9일 페이스북과 트위터 등에 “김의겸 의원 후원 마감”이라는 제목의 글을 올려 “보내주신 마음과 정성이 가득 찼다”며 “많은 분들 덕분에 올해 후원금 모금이 마감됐다”고 했다. 이어 “앞으로 정치후원금 모금은 2023년 1월 2일부터 가능합니다”라고 덧붙였다.정치자금법이 규정한 비례대표 국회의원 후원금 모금액 한도인 ‘1억5000만원’을 모두 채웠다는 의미다.김 의원의 작년도 후원금 모금액은 9928만원으로, 한도는 커녕 같은해 전체 국회의원 모금 평균액(1억3618만원)에 한참 못미쳤다.



/페이스북 흑색선전 탄로나도… 지지자들 “악전고투에 후원”							정치권에서는 ‘김 의원이 대통령과 법무장관 등 여권 스타 정치인에 대한 흑색선전으로 논란을 일으킨 게 후원금 급증의 원인’이라는 해석이 지배적이다.실제로 친민주당 성향 커뮤니티에는 “윤 대통령, 한 장관과 싸우는 선봉에 서있는 김의겸 의원에게 후원한다” “악전고투하고 있는 김의겸 의원을 후원한다” 등의 글이 올라왔다. 김 의원에 대한 후원을 독려하는 글도 여럿 있었다.더탐사와 김 의원은 한 여성 첼리스트가 남자친구와의 통화에서 곤란한 상황을 피하기 위해 거짓으로 꾸며낸 말을 이용해 ‘윤석열 대통령과 한동훈 법무장관이 심야에 청담동 고급 술집에서 김앤장 변호사 30명과 술 마셨다’는 주장을 지난 10월 공개적으로 유포했고, 야권 지지자들로부터 금전적 후원을 이끌어냈다.더탐사는 한 장관 아파트에 침입해 도어록을 손대는 장면, 허위사실유포 명예훼손 등으로 경찰 수사를 받는 장면까지 유튜브에 올렸고, 그때마다 유튜브 대화창에는 후원금인 ‘슈퍼챗’이 쏟아져 들어갔다.심지어 해당 여성이 자신의 통화 내용은 허위였다며 관련 내용을 방송하지 말아 달라고 더탐사 측에 부탁했지만, 더탐사 측은 오히려 금전적 지원까지 약속하며 집요하게 연락해왔다고 해당 여성이 9일 TV조선 인터뷰에서 말했다.김의겸, 가짜뉴스 확인된 것만 4개월에 3번							김 의원발(發) 가짜뉴스는 9월 이후에만 벌써 3번째이고, 가짜임이 밝혀져도 사과나 정정하는 경우가 드물다.그는 대변인을 맡은 9월 ‘한동훈 법무부 장관이 카메라를 의식, 민주당 이재정 의원을 엘리베이터까지 집요하게 따라가 악수를 했다’는 취지의 주장을 여러 방송에서 폈다. 하지만 당시 영상을 보면, 한 장관과 이 의원이 악수를 나눈 곳은 두 사람이 함께 서 있던 단상 위였고, 손을 먼저 건넨 것도 이 의원이었다. 이러한 사실이 알려졌지만, 그는 사과하지 않았다.지난달에는 주한유럽연합(EU) 대사가 하지도 않은 말을 지어냈다. EU 대사가 민주당과 회동할 때 마치 전·현 정부의 대북 정책을 비교한 것처럼 브리핑했다가 27시간만에 사과했다.김 의원이 3번의 가짜뉴스 가운데 유일하게 사과한 사례였고, EU 측이 ‘왜 하지도 않은 말을 지어내느냐’는 취지의 항의를 한 뒤에 나온 사과였다.당시 김 의원은 “말씀하신 내용과 다르게 인용을 했다”며 “혼란을 안겨드린 것에 대해 EU 대사께 심심한 사과의 말씀을 드린다”고 했다. 정치권에선 “이때도 외국 대사가 아니었으면 우기면서 도리어 역공했을 것”이란 말이 나왔다.‘청담동 술자리 의혹’에 대해선 ‘유감 표명’만 했다. 그는 라디오에서 “제보자가 있지 않았느냐. 제보 내용이 구체적이고 생생했다”며 “지금에야 사실이 아니라고 판정이 돼가고 있는 것 같지만, 제가 조심하느라 겁이 나서 물어보지 않았는데 그게 사실로 밝혀지면 제가 얼마나 땅을 치고 후회를 하겠느냐”고 했다. 그러면서 “제가 이걸 개인적인 차원에서 (한 장관에게) 사과를 하고 말고 할 문제가 아니라고 생각한다”고 했다.국민의힘은 논평을 내고 김 의원을 “가짜뉴스 제조기”라고 불렀다.




장상진 기자 jhin@chosun.com
오경묵 기자 note@chosun.com




기자 프로필




















장상진 기자






구독


구독중





구독자 0




응원수
0







장상진




권성동 “文, ‘판단’ 아니라 ‘판단 수용’ 교묘한 언어...비겁함·두려움 때문”


김기현 “잊히고 싶다던 文, 또 ‘관종 본능’… 변명 아닌 사죄를 하라”























오경묵 기자






구독


구독중





구독자 0




응원수
0







조선일보 오경묵 기자입니다.




한달새 9억 빠진 광교 대장 아파트…“거품 심했다” “전국적 하락” 엇갈려


브라질 8강 탈락 후폭풍…네이마르 “대표팀 복귀 확신 못해” 감독은 “사퇴”







조선일보의 구독 많은 기자


조선일보 기사를 더 보고 싶다면?
								구독

조선일보 언론사 구독되었습니다. 메인 뉴스판에서 조선일보 주요뉴스를  볼 수 있습니다.
보러가기


조선일보 언론사 구독 해지되었습니다.


닫기








Copyright ⓒ 조선일보. All rights reserved. 무단 전재 및 재배포 금지.

 
이 기사는 언론사에서 정치 섹션으로 분류했습니다.

기사 섹션 분류 안내
기사의 섹션 정보는 해당 언론사의 분류를 따르고 있습니다. 언론사는 개별 기사를 2개 이상 섹션으로 중복 분류할 수 있습니다.
닫기











구독
메인에서 바로 보는 언론사 편집 뉴스 지금 바로 구독해보세요!


구독중
메인에서 바로 보는 언론사 편집 뉴스 지금 바로 확인해보세요! 보러가기









압도적 1위 칼럼 ‘만물상’ 조선일보 앱에서 보기


뉴스도 본점이 맛있다! 조선닷컴에서 주요 기사 놓치지 않기


 





			주요뉴스해당 언론사에서 선정하며 언론사 페이지(아웃링크)로 이동해 볼 수 있습니다.


예상못한 美 '블프' 호황… 세계경제 毒되나
'文 유기견 달력'에 與 ""풍산개는 버리면서…""
브라질은 어쩌다… 20년째 이어진 '월드컵의 비극'
회식 때 ""얘 이혼했어"" 사생활 폭로한 상사의 최후
마흔 앞둔 최여진, 스무살 때보다 아름다운 이유








이 기사를 추천합니다


기사 추천은 24시간 내 50회까지 참여할 수 있습니다.
닫기






쏠쏠정보
0




흥미진진
0




공감백배
0




분석탁월
0




후속강추
0


 




 












모두에게 보여주고 싶은 기사라면?beta

이 기사를 추천합니다 버튼을 눌러주세요.  집계 기간 동안 추천을 많이 받은 기사는 네이버 자동 기사배열 영역에 추천 요소로 활용됩니다.

레이어 닫기


 


조선일보 언론사홈 바로가기


 

언론사 구독 후 기사보기



구독 없이 계속 보기",https://n.news.naver.com/mnews/article/023/0003733876
20221210,023,,"[박기자 쇄담]   영원한 우승 후보지만   번번히 8강 벽에 막혀   2014년엔 ‘미네이랑의 비극’  [쇄담(瑣談) : 자질구레한 이야기]이번 카타르 월드컵 우승 후보 1순위로 꼽혔던 브라질(FIFA랭킹 1위)이 꺾였다. 브라질은 10일 카타르 알라이얀의 에듀케이션 시티 스타디움에서 열린 크로아티아(12위)와의 2022 카타르 월드컵 8강전에서 연장전까지 1대1로 비긴 뒤 승부차기에서 2대4로 패했다.



브라질 선수들이 10일 카타르 월드컵 8강전에서 승부차기 끝에 크로아티아에 패한 뒤 좌절하고 있다. /AP연합뉴스										브라질 전역은 충격에 휩싸였다. 팀의 에이스인 네이마르(30·파리 생제르맹)는 이날 연장 전반 15+1분에 선제골을 터뜨리는 등 대표팀 통산 77골을 기록하며 ‘축구 황제’ 펠레(82)와 브라질 대표팀 역대 최다골의 주인공으로 어깨를 나란히 했지만 결국 웃지 못했다. 그는 향후 대표팀에서 계속 뛸 지 확신할 수 없다고 했다. 6년 가량 대표팀을 이끈 치치(61) 감독은 자진 사퇴했다.



브라질의 네이마르(오른쪽)가 10일 카타르 월드컵 8강전에서 패배한 뒤 눈물을 흘리고 있다. /신화연합뉴스										이번 월드컵엔 전직 스타들도 나서 브라질에 힘을 실어줬다. 2002 한일 월드컵 우승을 이끈 ‘호돈신’ 호나우두(46)는 브라질 경기에 꾸준히 모습을 드러내며 ‘삼바 군단’을 응원했다. 대장암으로 투병 중인 것으로 알려진 펠레는 월드컵 시작에 앞서 본인의 소셜미디어에 “우리(브라질)가 해피 엔딩으로 대회를 마감할 것이라 확신한다. 월드컵 우승 트로피를 집으로 갖고 와라!”라며 선전을 기원했다.



지난 6일 2022 카타르 월드컵 16강전 브라질과 대한민국의 경기에서 브라질 축구 전설 호나우두가 경기를 지켜보고 있다. /뉴시스										그러나 2002년 통산 5번째(1958, 1962, 1970, 1994, 2002년)이자 마지막 우승 이후 20년 만의 월드컵 정상을 꿈꿨던 브라질의 도전이 멈춰 섰다. 유독 8강을 넘어서기 어려운 ‘영원한 우승 후보’ 브라질의 월드컵 20년 잔혹사를 살펴본다.2006 독일 월드컵...8강 탈락							2002년 우승팀인 브라질은 전(前) 대회 우승팀은 다음 대회에선 조기 탈락한다는 ‘우승국의 저주’를 씻어내고 당시 F조 조별리그에서 3전 전승으로 16강에 진출했다.16강에선 가나를 상대로 3대0으로 이기며 승승장구했다. 이때 호나우두는 자신의 월드컵 통산 15번째 골을 넣으며 ‘독일 폭격기’ 게르트 뮐러가 30년 넘게 보유하고 있던 월드컵 최다골(14골) 기록을 깨기도 했다.하지만 8강에서 브라질은 유효 슈팅 1개에 그치는 졸전을 벌이는 등 프랑스의 티에리 앙리(45)에게 후반 12분 선제결승골을 허용하며 결국 0대1로 무릎을 꿇었다.2010 남아프리카공화국 월드컵...8강 탈락							브라질은 2006년의 아쉬움을 씻어낸다는 목표를 가지고 남아프리카공화국에 입성했다. 그리고 당시 G조 조별리그에서 조 1위(2승1무·승점 7)로 16강에 안착했다.이때 브라질은 북한과 같은 조에 속해서 화제가 되기도 했다. 특히 브라질은 첫 경기에서 북한과 맞대결을 펼쳤다. 전문가들은 브라질이 최대한 몰아붙이는 일방적인 경기가 될 것이라 예측했다. 그러나 예상과 달리 브라질은 북한을 2대1로 제압하는데 그쳤다.브라질은 16강에서 같은 남아메리카(이하 남미) 국가인 칠레를 3대0으로 완파하며 기분 좋게 8강에 진출했다. 그러나 8강에서 전반 10분에 선제골을 넣고도 후반에 2골을 허용하며 네덜란드에 1대2로 역전패했다.2014 브라질 월드컵...4강 탈락							마침내 안방에서 월드컵이 열렸다. 1950년 이후 64년 만의 홈 월드컵이었다. 남다른 각오를 가진 선수들은 당시 A조 조별리그에서 조 1위(2승1무·승점 7)로 가볍게 16강에 합류했다.16강에선 승부차기 끝에 칠레를 1대1(3대2)로 누르고, 8강에선 또 다른 남미 국가인 콜롬비아를 2대1로 꺾었다. 지난 두 차례 대회에서 8강 탈락이라는 악몽에 시달린 브라질에겐 고무적인 일이었다.하지만 4강전에서 ‘미네이랑의 비극’이 일어났다. 이때 경기가 벨루오리존치에 있는 미네이랑 경기장에서 열렸기 때문에 붙여진 이름이다. 브라질은 당대 최고라고 여겨지던 ‘전차 군단’ 독일에 1대7로 대패했다. 전반에만 0-5로 끌려가며 일찍이 패색이 짙어졌다. 곳곳에서 눈물을 흘리는 홈팬들이 속출했다.브라질은 후반에 두 골을 더 허용한 뒤 45분에 한 골을 만회하는데 그쳤는데, 독일 선수들이 출국할 때 신변의 위협을 느낄까봐 한 골을 그냥 내줬다는 우스갯소리가 나돌기도 했다.2002년 우승 이후 12년 만에 올랐던 4강이었지만, 브라질은 굴욕적인 패배를 당하며 이러한 4강 진출 성과는 무색해졌다.2018 러시아 월드컵...8강 탈락							브라질 선수들은 4년 전 비극을 잊고자 러시아에 결의를 갖고 입성했다.당시 E조 조별리그에서 조 1위(2승1무·승점 7)로 16강에 올랐다. 16강에서 멕시코를 2대0으로 따돌렸지만, 8강에선 벨기에의 ‘황금 세대’에 1대2로 고개를 숙였다.삼바 축제가 2022 카타르 월드컵에서 또 8강 벽에 막히며 조기 중단됐다. 4년 뒤 북중미 월드컵에서 브라질은 ‘8강 고비’를 넘어설 수 있을까.




박강현 기자 iamchosun@chosun.com




기자 프로필




















박강현 기자






구독


구독중





구독자 0




응원수
0







스포츠의 감동을 전하겠습니다. 토요일엔 스포츠 선수들의 뒷이야기를 풀어내는 [박기자 쇄담]을 연재합니다. 




월드컵에 드리운 ‘펠레의 저주’...한국이 뜻밖의 수혜자?


‘실축 3명’ 일본, 8강 좌절… 크로아티아에 승부차기 끝 패배







조선일보의 구독 많은 기자


조선일보 기사를 더 보고 싶다면?
								구독

조선일보 언론사 구독되었습니다. 메인 뉴스판에서 조선일보 주요뉴스를  볼 수 있습니다.
보러가기


조선일보 언론사 구독 해지되었습니다.


닫기








Copyright ⓒ 조선일보. All rights reserved. 무단 전재 및 재배포 금지.

 
이 기사는 언론사에서 세계 섹션으로 분류했습니다.

기사 섹션 분류 안내
기사의 섹션 정보는 해당 언론사의 분류를 따르고 있습니다. 언론사는 개별 기사를 2개 이상 섹션으로 중복 분류할 수 있습니다.
닫기











구독
메인에서 바로 보는 언론사 편집 뉴스 지금 바로 구독해보세요!


구독중
메인에서 바로 보는 언론사 편집 뉴스 지금 바로 확인해보세요! 보러가기









압도적 1위 칼럼 ‘만물상’ 조선일보 앱에서 보기


뉴스도 본점이 맛있다! 조선닷컴에서 주요 기사 놓치지 않기


 





			주요뉴스해당 언론사에서 선정하며 언론사 페이지(아웃링크)로 이동해 볼 수 있습니다.


예상못한 美 '블프' 호황… 세계경제 毒되나
""44살인데…"" CNN, 한국 '만 나이' 보도하며 언급한 인물
""뭘 봐 멍청아""… 승리하고도 분노한 메시, 왜?
오열 중 크로아티아 소년 안아줬다, 네이마르의 품격
회식 때 ""얘 이혼했어"" 사생활 폭로한 상사의 최후








이 기사를 추천합니다


기사 추천은 24시간 내 50회까지 참여할 수 있습니다.
닫기






쏠쏠정보
0




흥미진진
0




공감백배
0




분석탁월
0




후속강추
0


 




 












모두에게 보여주고 싶은 기사라면?beta

이 기사를 추천합니다 버튼을 눌러주세요.  집계 기간 동안 추천을 많이 받은 기사는 네이버 자동 기사배열 영역에 추천 요소로 활용됩니다.

레이어 닫기


 


조선일보 언론사홈 바로가기


 

언론사 구독 후 기사보기



구독 없이 계속 보기",https://n.news.naver.com/mnews/article/023/0003733873
